date,Kyoto,Niigata,Tokyo,Sapporo,Naha
2010/4/1,13.3,10.5,14.7,6.4,23.1
2010/4/2,10.8,7.8,15.2,5.5,19.5
2010/4/3,7.1,6.6,11.1,3.4,17.8
2010/4/4,10.6,7.5,8.8,5.4,21.1
2010/4/5,14.5,11.5,9.4,6.6,21.9
2010/4/6,15.9,11.8,14.8,5.2,21.3
2010/4/7,10.1,7.1,11.6,3.1,20.3
2010/4/8,10.7,6.7,8.9,3.9,19.4
2010/4/9,12.9,11.8,11.1,5.9,21.1
2010/4/10,17.7,15.2,15.6,8.9,22.1
2010/4/11,16.4,10.2,17.2,6.3,23.2
2010/4/12,15.3,8.3,8.6,5.2,24.8
2010/4/13,14.4,11.6,15.1,6.2,21.2
2010/4/14,9.5,6.7,13.9,2.2,19.6
2010/4/15,7.6,5.8,6.9,2.3,19.7
2010/4/16,8.3,6.8,5.2,5.2,18.7
2010/4/17,10.3,6.8,6.3,6.1,19.6
2010/4/18,12.1,8.5,12,4.7,21.7
2010/4/19,16,11.7,15.2,6,23.7
2010/4/20,14.8,14.8,15.6,5.3,24.7
2010/4/21,15.3,9.6,18.8,4.8,25.4
2010/4/22,11.3,7.7,9.1,5.1,25.5
2010/4/23,10.8,8.2,8.2,5.1,19.6
2010/4/24,9.6,8.6,11.2,5.5,19.4
2010/4/25,11.4,10.1,12.7,6.2,21
2010/4/26,14.3,11,14.4,5.9,22.6
2010/4/27,14.3,13.3,12.7,7.5,19.3
2010/4/28,16.5,13,14.1,5,19.5
2010/4/29,14,11.6,18.2,8.2,20.2
2010/4/30,12.4,11.3,15.2,8.2,20.1
2010/5/1,14.1,12.7,16.4,11.2,21.8
2010/5/2,16,14.6,17.9,13.6,22.8
2010/5/3,18.9,18.5,19,14.8,23.3
2010/5/4,21.5,18.7,20.6,14.8,23
2010/5/5,22.6,17.8,21.9,12.9,24.5
2010/5/6,22.8,21.3,22.4,14.2,25.8
2010/5/7,18.1,16.9,20.4,12.7,24.6
2010/5/8,17.8,15.4,19.7,8.5,23.5
2010/5/9,19.4,13.8,20.7,8.1,23.8
2010/5/10,16.9,13.9,19.1,8.1,22.8
2010/5/11,16,15.8,17.1,10,22.7
2010/5/12,13.6,11.5,16.4,8.5,22.8
2010/5/13,13.1,9.9,16.5,7.6,22.3
2010/5/14,12.9,9.3,15.4,7.8,19.3
2010/5/15,15.5,11.3,15.1,11.3,20.5
2010/5/16,18.6,15.8,17.3,14,21.9
2010/5/17,21,17.5,20.7,16.7,24.1
2010/5/18,21.5,18.8,21.6,15.8,25.7
2010/5/19,19.8,18.6,20.3,16.4,26.5
2010/5/20,21.3,18.8,20.2,13.6,26.8
2010/5/21,21.8,19.2,24.3,11.8,26.5
2010/5/22,23,19.6,23.4,13.2,27.1
2010/5/23,17.8,21,18.3,15.3,27.3
2010/5/24,19,18.1,18.1,13.3,22
2010/5/25,20.5,17.7,23.5,12.6,23.5
2010/5/26,17,15.5,17.6,13.4,24.7
2010/5/27,14.8,12.1,17.6,9.8,24
2010/5/28,14.2,10.9,18.5,10,22.7
2010/5/29,16.5,12,15.6,12.4,23.7
2010/5/30,16.8,14.7,14.5,13.1,23.8
2010/5/31,19.6,15.7,17.4,14.1,23.3
2010/6/1,19.8,16.8,17.6,14.4,24.4
2010/6/2,21.3,17.6,19.1,13.3,24.4
2010/6/3,20.1,18.4,20.9,12.5,24.6
2010/6/4,21.9,18.7,22.1,11.7,24
2010/6/5,22.6,17.9,20.2,14,24.5
2010/6/6,22,18.7,21.4,16,24.8
2010/6/7,22.5,19.5,23.1,15.5,25.2
2010/6/8,21.2,20.3,21.4,19.4,25.4
2010/6/9,22.6,20.2,20,17.6,25.5
2010/6/10,23.5,19.7,22.6,18.4,25.5
2010/6/11,24.7,20.9,22.6,19.6,24.1
2010/6/12,25.2,22.2,24.5,18.3,25.4
2010/6/13,21,22.7,23.2,20.9,25.8
2010/6/14,21.6,22.3,18.6,20.3,26.1
2010/6/15,22.2,23.4,23.1,20.3,26.3
2010/6/16,24,21.3,25.8,18.2,26.8
2010/6/17,26.1,23.2,26.7,17.3,27.6
2010/6/18,23,24.1,24.4,20.9,28
2010/6/19,25.2,22.4,25.2,21.7,28.3
2010/6/20,25.2,24.1,26.2,20.1,28.5
2010/6/21,24.8,22.6,25.9,20.8,28.6
2010/6/22,25.7,23.9,26.1,21.3,28.8
2010/6/23,23.6,21.7,24.2,19.9,27.7
2010/6/24,24.2,22.1,25.1,16.9,26.7
2010/6/25,23,23.2,26.2,22,28.1
2010/6/26,24.5,24.4,26.2,25,28.9
2010/6/27,26.8,23.6,26.6,24.4,29
2010/6/28,28.6,24.3,28,26.1,29
2010/6/29,26.2,23.6,26.4,24.6,29
2010/6/30,27.2,22.7,25.6,24.1,28.9
2010/7/1,27.6,23.8,27,22,27.8
2010/7/2,26.6,24.9,26.6,23.7,27.1
2010/7/3,24.7,25.7,26.2,24.2,28.8
2010/7/4,26.2,25.1,27.2,24.3,29.2
2010/7/5,27.1,24.3,26.8,20.8,29.4
2010/7/6,26.9,25.4,27.1,20.6,29.4
2010/7/7,25.4,26.1,25.4,21.5,28.5
2010/7/8,27.1,26.3,26.4,20.4,28.8
2010/7/9,24,25.4,25.5,21.5,29
2010/7/10,25.8,24.7,27.3,21.6,29.3
2010/7/11,25.3,24.3,26.3,20.7,29.5
2010/7/12,26.7,22.8,27.4,18,29.6
2010/7/13,24.7,22.2,23.8,18.8,29.7
2010/7/14,24.2,23.5,26.1,20.4,29.8
2010/7/15,25.8,24,28.4,21.5,29.3
2010/7/16,26.9,25.5,28.5,22.5,29.4
2010/7/17,28.3,27.5,28.3,23.6,29.3
2010/7/18,28.5,27.7,28.3,25.1,28.1
2010/7/19,29,28.3,29.8,24.5,26.3
2010/7/20,29.8,28.7,30.8,21.9,29
2010/7/21,30.3,28.3,31.5,24.8,29
2010/7/22,30.6,29.4,31.4,21.2,27.7
2010/7/23,30.9,28.9,30.8,21.5,28.1
2010/7/24,29.7,28.8,30.8,20,28.6
2010/7/25,30.4,27.6,29.5,21.4,29
2010/7/26,30.5,27.9,28.6,21.3,28.8
2010/7/27,29.9,29.2,29.8,23.1,28.6
2010/7/28,28.7,28.6,30,25.4,29
2010/7/29,25.2,26,26.3,22.5,26.9
2010/7/30,29.1,27,26.8,22.2,28.1
2010/7/31,29.7,28.6,29.2,24.4,29.5
2010/8/1,30.1,29.1,29.8,22.7,29.8
2010/8/2,31.4,28.3,29.4,22.2,29.6
2010/8/3,30.9,29.1,29.5,23.3,29.5
2010/8/4,30.7,30.4,29.8,23.3,29.7
2010/8/5,31,30.6,30,26.4,28.6
2010/8/6,30.3,30.4,29.6,28.8,29
2010/8/7,29.4,29.5,29.2,27.1,28.3
2010/8/8,29.6,29.4,29.2,25.1,27.8
2010/8/9,28.7,28.6,26.3,26.4,27.1
2010/8/10,26.8,30.1,27.7,26.5,28.2
2010/8/11,29.2,30.5,28.9,24.4,29.2
2010/8/12,26.6,27.2,28.7,22.8,29.1
2010/8/13,28.6,26.1,28.3,25.3,29.5
2010/8/14,29.2,26.4,29.4,25.4,29.2
2010/8/15,30.1,29.7,31.4,23.8,29.4
2010/8/16,30.3,27.5,32.2,24.9,29.1
2010/8/17,30,28.9,32.3,24.3,28.9
2010/8/18,30.6,28,30.4,24,28.5
2010/8/19,31.2,28.6,28.7,25.2,29.4
2010/8/20,31.4,28.5,27.8,24.1,29.4
2010/8/21,30.3,28.8,28.6,25.7,29.6
2010/8/22,30.3,29,29.9,25.8,29.7
2010/8/23,31,29.4,30.3,23.8,28.8
2010/8/24,31,29.9,29.7,22.9,29.4
2010/8/25,30.7,29.3,30.1,23.4,28.7
2010/8/26,30.4,28.9,29.9,23.1,28.7
2010/8/27,30.2,29.3,30,23.4,28.3
2010/8/28,30.5,29.1,30.1,24.4,28.1
2010/8/29,30.6,29.3,30.2,25.5,28.4
2010/8/30,30.7,30.1,30.5,28.1,28.7
2010/8/31,31.2,29.9,30.8,27.6,27.7
2010/9/1,31,29.7,30.4,27.1,27.7
2010/9/2,29.8,30.3,30.1,25.8,28.4
2010/9/3,30.4,28.8,30.5,23.4,28.7
2010/9/4,30.9,27.8,31.2,24,27.2
2010/9/5,30.3,27.8,30.1,25,26.7
2010/9/6,30.1,29.5,29.8,26.3,27
2010/9/7,29.1,24.4,31,22,27.9
2010/9/8,26.8,24.4,25.8,20.1,28.5
2010/9/9,26.5,25.6,24.6,20,28.2
2010/9/10,27.5,25.6,26,21.3,28.8
2010/9/11,29.1,26.6,28.4,21.3,29
2010/9/12,30.3,25.7,28.1,21.5,29.1
2010/9/13,28.3,26.3,28.7,22,29.1
2010/9/14,25.1,24.3,25.8,21.9,28.3
2010/9/15,24.2,24.2,23,22,28.4
2010/9/16,23.8,20.8,20.6,21.4,27.7
2010/9/17,24.3,22.4,24.5,22.1,27.2
2010/9/18,25,23.4,25.9,20.7,28.4
2010/9/19,26.1,24.1,26,18.1,28.6
2010/9/20,25.8,22.9,25.9,18.6,28.7
2010/9/21,27.3,24.9,27.8,18.9,28.9
2010/9/22,28.3,20.9,28.1,16.1,28.6
2010/9/23,21.7,17.2,19.8,14.3,28.2
2010/9/24,20.7,18.5,18.3,13.1,27.3
2010/9/25,21.4,18,17.8,12.1,27.2
2010/9/26,20.7,18.6,19.3,12.5,26.9
2010/9/27,21.8,19.8,16.3,17.4,26.8
2010/9/28,22.3,20,18.9,18.6,27.3
2010/9/29,20.6,19.3,22.4,15.1,28.2
2010/9/30,17.7,19.3,19.2,16.7,28
2010/10/1,20.4,20.2,20.9,16.2,27.5
2010/10/2,22.7,19.6,21.2,14.5,28.4
2010/10/3,22,21.9,20.9,13.9,27.7
2010/10/4,20.7,19.1,20.4,16.3,26.6
2010/10/5,19.5,19.2,22.6,16.4,25
2010/10/6,19.3,18.2,22,15.3,24.3
2010/10/7,20.5,19.9,21.1,14.7,25.1
2010/10/8,21.5,21.9,20.9,16.5,25.8
2010/10/9,19.2,18.7,17.5,15.6,24.8
2010/10/10,21.5,21.3,19.8,14.5,25.6
2010/10/11,21.7,20.3,23.4,17.5,26.6
2010/10/12,22.5,20.8,22.5,16.5,27.8
2010/10/13,21.4,20.1,23,14.2,27.2
2010/10/14,20.5,19.8,21.4,12.7,27.2
2010/10/15,20.3,19.4,21.3,10.1,25.2
2010/10/16,19.1,18.5,21.4,14.5,25.3
2010/10/17,18.2,18.7,20.9,12.2,25.9
2010/10/18,18.4,16.8,19.4,9.4,26.1
2010/10/19,19.8,16,18.6,10.1,25.5
2010/10/20,21,18.3,18.9,10.9,25.6
2010/10/21,20,18.1,18.4,11.4,26.2
2010/10/22,19.2,17.6,17.7,10.1,26.7
2010/10/23,19,17.2,16.4,12.3,27.5
2010/10/24,18.4,16.7,15.4,14.4,27.6
2010/10/25,19,16.8,17.9,11.6,27.1
2010/10/26,14.7,10.6,16.7,3.6,23.8
2010/10/27,11.6,9,12.6,3.5,22.3
2010/10/28,12.6,8.4,10,6,21.9
2010/10/29,15.8,12.1,13.9,6.9,23.1
2010/10/30,16,13.4,12.3,7.5,23.7
2010/10/31,15.9,16.7,15.9,8.3,23.6
2010/11/1,15.2,16,16.6,8.3,22.1
2010/11/2,13.2,13,16.6,8.2,21.7
2010/11/3,12.2,11.1,14.6,5.7,21.5
2010/11/4,11.6,11.8,12.1,7.4,21.5
2010/11/5,12.2,10.9,13.9,8.1,21.6
2010/11/6,13.3,12.3,15.4,10.5,22.7
2010/11/7,14.1,13.4,14.9,11.5,22.3
2010/11/8,15.5,13.2,16.1,7,22.7
2010/11/9,12.9,12.9,16.8,9.3,20.5
2010/11/10,10.5,11,14.3,6.9,19.8
2010/11/11,10,9.9,14.1,4.4,21.5
2010/11/12,12.8,12.4,15.3,6.4,22.8
2010/11/13,13.1,14.2,16.2,7.6,22
2010/11/14,15.4,14,15.6,8.1,23.2
2010/11/15,11.5,8,11.9,2.4,22.3
2010/11/16,9.2,7.3,10,2.4,20.2
2010/11/17,9.7,9.3,8.8,4.4,21
2010/11/18,9.6,7.7,10.9,4.3,21
2010/11/19,10.1,8.4,11.7,6.3,20.2
2010/11/20,12.7,9.9,13.3,7.5,21.5
2010/11/21,13.3,10.8,14.1,9,22.3
2010/11/22,14.4,11.9,14.1,12.3,22.8
2010/11/23,11.5,10.3,13.8,4.6,21.8
2010/11/24,10.3,7.9,11.3,3,21.5
2010/11/25,10.1,8.9,10.6,4.7,21.6
2010/11/26,11.2,9.6,12.8,5.6,19.4
2010/11/27,9.9,9.5,12.1,2.4,19
2010/11/28,9.8,9.8,13.1,2.4,19.8
2010/11/29,8.4,7.6,12.3,-2.7,20.9
2010/11/30,8.9,10.2,12.2,-0.9,21.9
2010/12/1,11.3,11.4,13.5,2.7,22.8
2010/12/2,13.6,11.9,13.9,5.2,23.8
2010/12/3,13.7,12.7,17,10.9,20.6
2010/12/4,9.4,9.3,12.4,6.4,18.7
2010/12/5,8.5,11.4,11.7,5.9,20.4
2010/12/6,10.9,11.9,12.9,4.7,21
2010/12/7,10.1,8.1,12.2,1.1,17.9
2010/12/8,7.9,6.1,9.2,0,16.9
2010/12/9,6.5,5.6,9.1,0.7,17.6
2010/12/10,6.5,6.9,10.6,-0.2,17.2
2010/12/11,9.1,8.3,13.1,4.2,18.6
2010/12/12,8,6.4,11.9,-3.1,21.2
2010/12/13,9.6,5.9,8.2,1.8,24
2010/12/14,12.5,9.4,11.2,1.8,22.1
2010/12/15,6.3,3.1,10.6,-5.7,17.9
2010/12/16,3.4,1.2,6.1,-4.5,14.1
2010/12/17,3.9,3.3,7,-3.7,15.5
2010/12/18,6.3,5.4,8.2,-3,15.9
2010/12/19,6.2,5.4,7.4,0.2,18.8
2010/12/20,9,8,10.7,3.8,20.1
2010/12/21,8.8,8.3,9.9,1.9,19.8
2010/12/22,11.2,9.4,13.3,-0.6,19
2010/12/23,9.6,9.4,12.1,1.4,18
2010/12/24,6,3.7,8.2,-1.2,18.4
2010/12/25,1.9,1.7,5.6,-5.7,14.6
2010/12/26,3.9,3.9,6.7,-3.3,13.6
2010/12/27,4.1,2.5,7.2,-0.4,15
2010/12/28,6.6,3.9,7.2,0.1,16.3
2010/12/29,5.3,5.3,8.1,-0.7,15.7
2010/12/30,2.6,2.8,4.9,0.1,14.6
2010/12/31,0.2,3.8,5.8,-1.1,11.9
2011/1/1,1.7,3.9,6.6,-0.6,12.5
2011/1/2,3.6,4.3,7,-1.1,13.9
2011/1/3,3.3,3,5.9,-1,14.8
2011/1/4,4,2.7,6.3,-1.3,14.7
2011/1/5,4.2,3.7,7.3,-2.3,15.6
2011/1/6,3.9,1.6,6.5,-5.7,15.3
2011/1/7,2.3,0.8,4,-8.9,14.5
2011/1/8,2.8,2.7,5.9,-5.4,16.1
2011/1/9,4.7,2.3,6.1,-6,16
2011/1/10,1.6,0.1,3.4,-6.6,14.5
2011/1/11,1.9,0.4,3.8,-6.1,13.9
2011/1/12,3.2,0.9,5.1,-6.8,13
2011/1/13,3.6,-0.1,4.4,-7,15.3
2011/1/14,3.8,-1.2,3.8,-7.2,17.8
2011/1/15,3.7,-0.1,4,-4.2,16.1
2011/1/16,-1.2,-0.9,2.2,-0.1,11
2011/1/17,1.8,2.7,5,-1.4,12
2011/1/18,2.7,2.3,5.5,-0.4,14.9
2011/1/19,3.2,2.1,6.3,-1.2,17.8
2011/1/20,3,1.1,5.4,-2.6,18.7
2011/1/21,3.6,1.4,5,-3,17.8
2011/1/22,3.9,2,6,-2.6,16
2011/1/23,4.1,1.8,5.7,-1.6,16.8
2011/1/24,3.6,0.5,5.1,-2.8,14.8
2011/1/25,3.4,1.8,5.9,-2.7,14.4
2011/1/26,2.9,1.1,5.3,-3.6,14.8
2011/1/27,2.3,0.9,5.5,-5.2,14.5
2011/1/28,2.3,0,3.7,-6.1,16
2011/1/29,2.4,-0.8,4.2,-4,14.6
2011/1/30,0.3,-1.2,2.9,-4.7,12.8
2011/1/31,0.7,0.7,2.9,-5.4,11.8
2011/2/1,4.3,3.4,5.9,-4.7,13.4
2011/2/2,5.1,2.3,5.8,-2,14.7
2011/2/3,5.3,2.3,7.4,1.8,16.8
2011/2/4,5.8,2.8,8.8,2.7,19.1
2011/2/5,5.6,3.1,8.1,-0.4,18.8
2011/2/6,7.1,3.7,8.3,-2.5,17.3
2011/2/7,6.4,4.6,8.2,-2.9,17.8
2011/2/8,6,2.1,5.8,-4.5,19.1
2011/2/9,6.2,3.4,5,-2.4,18.9
2011/2/10,3.8,1.5,6.5,-1.4,19.2
2011/2/11,2.5,1.7,2,-1.4,16.4
2011/2/12,2.7,1.3,2.1,-2.9,13
2011/2/13,2,2.1,4.7,-3,15
2011/2/14,1.1,2.2,3.3,-3.3,15.1
2011/2/15,3.2,2.4,5.3,-2.9,14
2011/2/16,4,2.8,6.8,1.6,16.8
2011/2/17,8.8,5.6,10,1.2,20.2
2011/2/18,7.2,4.6,9.1,0.6,17
2011/2/19,5.7,3.2,6.1,-2.2,17.2
2011/2/20,6.2,3.5,7,-0.2,17.3
2011/2/21,7.3,4,7.1,-0.4,18.3
2011/2/22,7.9,3.9,6.5,1.2,18.1
2011/2/23,10.4,8.1,8.4,2.1,18.5
2011/2/24,12.5,11,11.4,4.9,18.9
2011/2/25,11.4,6.4,14.1,-0.4,18.5
2011/2/26,7.2,2.5,7.2,-4.3,20.6
2011/2/27,11.4,3.3,10.4,-1.4,21
2011/2/28,10.4,4.5,4.9,-3.7,21.9
2011/3/1,7.5,4.3,5.8,-0.7,19.1
2011/3/2,6.2,2.6,6.8,-1.6,15.3
2011/3/3,2.3,-0.1,4.4,-4.2,15
2011/3/4,2.3,0.3,4.6,-3.3,14.2
2011/3/5,5.4,3.6,7.4,-1,15.5
2011/3/6,6.5,5.6,9.3,1.6,18.1
2011/3/7,6.9,4.6,4.5,-0.7,17
2011/3/8,5.7,3.3,6.9,-2.4,15.1
2011/3/9,4.6,1.9,7.4,-3.4,15.5
2011/3/10,3.8,1.7,6.2,-1.8,16
2011/3/11,3.7,1.6,6.5,-1.3,16.2
2011/3/12,6,4.9,8.2,0.7,18.8
2011/3/13,10.3,7.7,11.3,3.5,20.3
2011/3/14,13.2,8.9,14.1,3.1,21.4
2011/3/15,12.9,4.5,10.9,-0.3,18.8
2011/3/16,4,1.3,7.5,-0.8,14.2
2011/3/17,1.7,1,4.6,-2.4,13.8
2011/3/18,4.5,2.3,6.1,0.6,16.3
2011/3/19,10.3,7.3,12.3,5.2,19.2
2011/3/20,12.1,8.4,13.7,4.8,21.1
2011/3/21,11.3,7.3,9.6,1.9,22.4
2011/3/22,9.8,6.3,6.9,0.1,18.7
2011/3/23,5.3,3,6.4,-1,15.8
2011/3/24,4.9,2.6,5.4,-0.7,15.4
2011/3/25,6.3,3.8,8.1,-0.4,15.5
2011/3/26,4,3.3,7.4,0,15
2011/3/27,4.5,3.5,7.4,0.8,14.6
2011/3/28,6.6,4.2,8.6,3.9,16.3
2011/3/29,8.5,6.9,10.9,5.9,17.7
2011/3/30,8.7,7,11.6,5.4,17.8
2011/3/31,10,6.8,9.7,5.1,18
2011/4/1,11.8,9,11.2,5.1,19.2
2011/4/2,11.2,6.8,13.4,1.2,19.8
2011/4/3,7,5.5,7.9,0.5,19.6
2011/4/4,7.7,5.5,9,1.2,18.4
2011/4/5,9.6,7.1,10.1,5.8,19.2
2011/4/6,12.2,8.8,13.7,9.1,19.8
2011/4/7,15.4,12.8,15.7,9.9,20.4
2011/4/8,13.9,10.8,17.2,7.4,21.6
2011/4/9,14.3,9,16.1,5.9,21.9
2011/4/10,14.3,10.8,13.7,6.9,22
2011/4/11,11.2,6.5,13.7,5.5,20.2
2011/4/12,10.8,7.7,11.4,6.4,18.7
2011/4/13,13.1,10.5,14.3,6.6,19
2011/4/14,15.5,13.2,16.7,8.8,20.7
2011/4/15,15.1,15.4,18.4,11,22.4
2011/4/16,13.3,10.4,18.6,7.8,23.4
2011/4/17,11.9,8.7,13.6,4.1,21.4
2011/4/18,14.3,10.5,14.9,5.3,20.1
2011/4/19,10.3,7.7,10.8,6.5,17.1
2011/4/20,9.3,7.5,10.9,6,18.2
2011/4/21,12.4,10.1,12.4,5.4,19.7
2011/4/22,13,14.1,15.5,5.1,22
2011/4/23,12.6,13.9,16.5,8.2,19.2
2011/4/24,10.4,11,16.1,8.8,19.3
2011/4/25,11.2,9.9,15,7.7,20.5
2011/4/26,14.5,11.3,16.2,10.3,21.4
2011/4/27,18.1,14.9,20.1,9.1,21.7
2011/4/28,12.7,11,19.8,9.2,20.6
2011/4/29,12.6,10.5,15.1,8.9,20.8
2011/4/30,16.3,13.7,17.6,13.8,22.8
2011/5/1,16.5,16.1,18.4,11,23.5
2011/5/2,17.3,12.5,19.6,6.4,22.6
2011/5/3,15.6,12.7,15.8,6.8,23.5
2011/5/4,16.2,12.9,17.3,5.5,20.5
2011/5/5,16.4,11.6,15.1,7.3,22.8
2011/5/6,17.9,14.9,16,9.5,24.9
2011/5/7,20.6,19.6,17,10.9,25.8
2011/5/8,21.5,15.1,20.6,9.6,26.7
2011/5/9,21.3,16.6,19.7,10.5,26.4
2011/5/10,22,15,22.8,9.4,25.7
2011/5/11,19.4,13.8,15.2,9.1,25
2011/5/12,20.1,16.8,15.6,12.2,24.5
2011/5/13,19.7,15.5,19.8,10.1,22.5
2011/5/14,18.7,16.2,20.1,8.4,20.6
2011/5/15,19.3,17.2,20.5,6.8,21.5
2011/5/16,20.1,18.8,20.3,11.2,20.5
2011/5/17,17.9,15.2,18.2,10.7,20.1
2011/5/18,18.7,16.4,19.4,14.1,22.3
2011/5/19,20.6,20.4,20.9,13.8,24
2011/5/20,21.5,21.3,22,13.7,25.2
2011/5/21,23.5,20.1,22.8,12.9,24.7
2011/5/22,20,13.3,20.8,10.5,24.8
2011/5/23,15.2,13.7,15.6,8.5,26.2
2011/5/24,17.9,17.2,14.6,11.9,24.5
2011/5/25,20.7,15.9,18.7,13,24.2
2011/5/26,20,17.4,19.3,15.1,24.8
2011/5/27,17.6,20.3,18.8,16,25.4
2011/5/28,18.8,18.7,18.4,16.6,26.1
2011/5/29,18.8,17.2,18,15.7,23.7
2011/5/30,17,15.9,17.4,15.3,23.8
2011/5/31,18.3,15.6,15.2,12.4,24.2
2011/6/1,17.3,16.3,15.2,11.8,24
2011/6/2,18.9,16.9,16,12.8,24.2
2011/6/3,21.7,17.3,19.8,15.3,25.2
2011/6/4,23.2,20.7,22.1,14,26.6
2011/6/5,22.2,19.7,22.2,17.1,27.1
2011/6/6,22.5,19.3,22.9,15.3,27.1
2011/6/7,22,21.3,21.6,17.5,27.2
2011/6/8,23,21.5,19.7,20.7,27.4
2011/6/9,23.9,23.1,21.8,19.4,27.8
2011/6/10,23.3,23.6,22.8,18.3,28.6
2011/6/11,21.8,22,22.2,17.7,28.5
2011/6/12,20.4,20.4,23.2,15.6,28.4
2011/6/13,21.6,20.4,20.9,15.2,28.3
2011/6/14,22.3,18.5,21.7,13.7,28.5
2011/6/15,21.7,18.9,21.3,14,28.8
2011/6/16,19.9,19.7,21.1,16.4,28.8
2011/6/17,22.2,22.1,19.2,19,29.3
2011/6/18,21.9,20.6,20.3,17.2,29.2
2011/6/19,22.7,21.1,21.8,18.1,29.5
2011/6/20,22.5,22.8,23.9,20.2,29.1
2011/6/21,25.3,23.7,25.5,23.4,29.1
2011/6/22,26.3,25.6,27.2,22.2,29.1
2011/6/23,28.5,23.8,28.2,16.4,29.5
2011/6/24,29.2,22.5,29.1,14.7,28.5
2011/6/25,30.4,18.7,24.3,14,27.2
2011/6/26,29,18.7,21.3,16.4,27.3
2011/6/27,29,22.8,22.3,17.1,28.2
2011/6/28,30,24.2,27.3,20.9,28.3
2011/6/29,30.3,25.5,29.8,23.2,28.4
2011/6/30,28.8,25.5,28.7,21.4,28.2
2011/7/1,26.4,24.6,28.7,18.6,28.4
2011/7/2,27.5,24.2,26.5,18.7,28.2
2011/7/3,27.6,25.6,27.6,21.9,28.7
2011/7/4,27.7,24.2,29.6,21.4,29
2011/7/5,27.4,23.6,28,22.2,28.8
2011/7/6,26.4,24.7,28,23.2,29.1
2011/7/7,24.2,26,26.8,24.2,28.8
2011/7/8,29.2,28.3,28.6,22.3,28.3
2011/7/9,30.4,29,29.4,22.9,28.3
2011/7/10,30.5,27.6,29.3,21.4,28.4
2011/7/11,29.8,28.1,29.2,23,28.4
2011/7/12,27.8,28.1,28.7,24.3,28.4
2011/7/13,28.8,28.5,28.6,23,27.1
2011/7/14,29.5,28.8,28.9,22.7,28.5
2011/7/15,29.8,28.1,29.4,21,28.9
2011/7/16,30.3,28.5,29,19.2,29.2
2011/7/17,30.3,29.1,29.6,20.1,29.1
2011/7/18,27.5,28.1,30.1,19.9,29
2011/7/19,26.6,29.7,27.9,20.4,29.2
2011/7/20,28.5,30.6,25.9,21.3,29.4
2011/7/21,26.3,24.7,20.7,19.2,29.6
2011/7/22,24.7,22.8,21,19.1,29.1
2011/7/23,26.4,24.5,23.1,19.9,29.6
2011/7/24,26.7,24.7,26,20.6,29.4
2011/7/25,27.3,25.3,27.6,22.7,28.1
2011/7/26,28,26.9,27.5,22.5,29.2
2011/7/27,28.1,26.9,28.3,23.6,29.2
2011/7/28,27.6,24.3,26.4,25.1,28.9
2011/7/29,28.2,24.2,26.5,24.2,29.5
2011/7/30,28.2,23.6,25.7,22.9,29.3
2011/7/31,27.4,26.9,23.5,23.1,29.4
2011/8/1,27.1,26.3,24.5,22.1,29.4
2011/8/2,27.4,26.6,25.5,21.7,29.5
2011/8/3,29,27.3,26.1,23.2,29.5
2011/8/4,29.4,29.1,27.4,24.4,27.6
2011/8/5,27.2,29.4,27.8,25.7,26.3
2011/8/6,28.9,28.8,29,25.6,26.6
2011/8/7,29.8,28.6,28.9,25.8,28
2011/8/8,30.2,28.6,29.3,25.8,27.9
2011/8/9,31,29,30.2,25.9,27.2
2011/8/10,31.1,29.8,30.5,27.3,26.6
2011/8/11,29.6,28.8,31,28.9,27
2011/8/12,29.8,28.4,31.2,24.7,27.4
2011/8/13,31.1,28.5,30,24.6,28.1
2011/8/14,30.5,29.4,30,24.1,28.7
2011/8/15,29.4,29,30.3,23.8,28.4
2011/8/16,30.1,28.2,30.3,20.7,28.6
2011/8/17,30.2,29.1,30.7,21.9,28.6
2011/8/18,30.1,27.1,31.9,22.6,28.8
2011/8/19,27.8,25.5,25.3,22.4,28.5
2011/8/20,24.7,24.5,23.7,21.4,28.3
2011/8/21,23.8,21.5,20.6,22,28.3
2011/8/22,26.3,24.4,21.2,22.3,28.8
2011/8/23,27.1,24,25.9,20.2,28.9
2011/8/24,29,24.6,28.1,22.3,29.1
2011/8/25,27.6,25.8,27.2,21.6,28.9
2011/8/26,27.7,24.9,26.2,21.2,28.8
2011/8/27,27.7,24.9,24.3,22.8,29
2011/8/28,28.8,25.6,25.6,23.3,29.1
2011/8/29,28.9,26.1,26,23.7,28.8
2011/8/30,29.4,26.7,26.3,23.8,29.3
2011/8/31,28.8,26.8,26.4,24.4,28.8
2011/9/1,27.7,27.5,28.5,26,29.4
2011/9/2,28,29.9,28.5,22.1,29.3
2011/9/3,27.4,31.5,28,22.8,28.8
2011/9/4,23.8,29.3,27.2,22.8,28.3
2011/9/5,24.3,25.1,26.5,23.5,28.3
2011/9/6,23.3,22.8,24.5,20.6,28.3
2011/9/7,23.2,23.1,24.9,20.4,27.1
2011/9/8,25,25.3,25.7,23.6,28.2
2011/9/9,28.4,25.6,27.8,21.8,28.7
2011/9/10,28.8,24.1,28.4,19.6,28.9
2011/9/11,28.8,27,27.7,18.3,29
2011/9/12,27.7,27.6,28.3,19.3,28.6
2011/9/13,28.5,27,28.3,19.5,28.5
2011/9/14,29.1,26.7,28.3,19.5,28.7
2011/9/15,28.4,27.2,28.3,21,28.4
2011/9/16,27.2,28.2,28.2,24.3,28.4
2011/9/17,26.6,26.1,28,21,28.4
2011/9/18,27.8,27,28.5,16.7,28.4
2011/9/19,25,20.1,25.7,15.1,28.2
2011/9/20,21,17.7,19.9,15.7,27.3
2011/9/21,22.8,18.7,22.2,14.4,25.8
2011/9/22,20.4,19.3,23.4,14,25.5
2011/9/23,18.6,17.3,20.3,14.8,25.5
2011/9/24,18.6,17.7,20.5,15.3,26.1
2011/9/25,20.9,19.6,20.2,16.5,26.8
2011/9/26,20.9,19.3,18.9,17.6,27.4
2011/9/27,21.3,19,20.2,17.3,27.7
2011/9/28,22,19.9,20.5,17.7,27.6
2011/9/29,22.5,20.9,21.9,17.8,27.9
2011/9/30,22.6,19.9,24.6,16.3,28
2011/10/1,19,17.1,22.2,10.5,26.7
2011/10/2,17.1,13.6,18.5,8.8,26.1
2011/10/3,16.4,14.7,18.8,7.7,24.5
2011/10/4,17.4,14.6,18.5,12,25.2
2011/10/5,18.6,15.9,15.9,14.5,26.9
2011/10/6,19.8,18,20.4,13.5,25.3
2011/10/7,18.7,18.8,21.1,13.3,25
2011/10/8,17.7,16.7,19.7,13.2,25.3
2011/10/9,18.6,16.5,20.1,14.4,26.6
2011/10/10,19.7,18.9,20.4,14.4,25.7
2011/10/11,19,17.8,21.2,12,26
2011/10/12,19.5,16.3,20.5,11,25.9
2011/10/13,18.1,16.6,20.5,13.6,25.1
2011/10/14,19.2,19.4,21.2,14,26.6
2011/10/15,21.4,20.3,24.3,15.2,24.2
2011/10/16,20.3,20.2,24.8,16.7,24.9
2011/10/17,18.1,18.3,21.5,12.8,23.3
2011/10/18,17.6,14.5,19.1,7.9,23.9
2011/10/19,17.2,13.7,15.9,11,25.2
2011/10/20,19.7,17.7,17.7,11.3,26.6
2011/10/21,20.8,19.4,18.3,13.4,26.3
2011/10/22,21.6,22.1,19.5,14.5,25.5
2011/10/23,20.5,19.6,22.7,13.8,24.3
2011/10/24,19.7,17.6,20.7,11.9,24.1
2011/10/25,18,15.4,21.8,13.2,24.1
2011/10/26,13.6,12.8,16.7,8,23.4
2011/10/27,13.8,13,15.2,8.4,24.3
2011/10/28,16.8,14.6,15.5,9.6,24.3
2011/10/29,18,14.5,16,9.7,24.7
2011/10/30,16.7,15.2,16.9,11.3,25.1
2011/10/31,17.5,15.1,18.7,12,25.5
2011/11/1,17.9,13.6,17.7,10.3,25.7
2011/11/2,18.4,16.6,17.2,12.4,26.5
2011/11/3,18.8,16.7,18.4,11.2,26.6
2011/11/4,19.3,16.1,18.4,8.9,26.8
2011/11/5,18.8,17.1,18.9,9.9,25.4
2011/11/6,19.8,17,18.1,9.4,26.2
2011/11/7,17,15.1,18.6,9,25.3
2011/11/8,14.4,13.1,15.7,7.4,24.4
2011/11/9,12.9,10.9,14.3,6.1,23.1
2011/11/10,13.6,11.2,14.1,6.8,25.6
2011/11/11,14.7,10.6,12.4,8.5,24.4
2011/11/12,15.5,15.1,16.4,10.1,23.9
2011/11/13,16.5,14.4,17.8,10.9,23.9
2011/11/14,14.3,12.5,16.9,5.8,22.7
2011/11/15,13,9,14,2.5,23
2011/11/16,10.9,9.7,12.6,3.9,24.8
2011/11/17,11.7,10.7,14.5,1.8,25.3
2011/11/18,13.1,11.4,12.6,4.7,25.6
2011/11/19,15.6,15.4,16.3,10.9,25.5
2011/11/20,14.6,12.3,17.4,5.8,21.2
2011/11/21,9,5.3,12.6,-3.1,19.8
2011/11/22,9,6.6,11.1,-0.9,20.6
2011/11/23,10.7,10.4,12.4,3,22.3
2011/11/24,9.8,8.7,13.3,6,19.9
2011/11/25,7.8,7.8,11.4,0.6,19.8
2011/11/26,8.4,7.8,10.9,2.6,21.2
2011/11/27,9.4,8.5,11,5.5,23.3
2011/11/28,11.3,10.5,12.1,5.4,22.5
2011/11/29,13.1,12.4,14.4,5.4,22.9
2011/11/30,14.5,8.5,14.6,-1,22.8
2011/12/1,11.1,5.5,7.8,-2.6,22.4
2011/12/2,10.3,6.8,6.1,-2.1,22.4
2011/12/3,14.8,12.8,11.1,-1.6,19.8
2011/12/4,11,9.5,13.4,3.1,19.8
2011/12/5,9.2,7.3,11,0.1,20.6
2011/12/6,7.9,6.6,8,0.3,21.3
2011/12/7,10.4,6,9.8,0,23.2
2011/12/8,9.8,4.5,8,-3.3,22.3
2011/12/9,5.5,3.3,5.5,-4.1,17.2
2011/12/10,4.9,3.1,7.3,0.3,17
2011/12/11,5.7,6.6,8.1,-1.1,16.9
2011/12/12,6.4,6.6,9.7,-2,18.2
2011/12/13,7.6,6.2,9.7,-2,19.2
2011/12/14,8.1,6.5,7.9,1,21.5
2011/12/15,8.3,6.5,10.4,-0.6,18.4
2011/12/16,5.1,1.5,9,-5.2,17.1
2011/12/17,3.9,2.2,6.1,-4.6,16.3
2011/12/18,5.2,3.3,7,-4.5,17.4
2011/12/19,6.3,1.4,6.5,-5.1,18.1
2011/12/20,5.7,3.3,7,-4.3,18.5
2011/12/21,6.4,1.9,5.8,-5,20.8
2011/12/22,6.5,4.2,5.8,-3.3,17.9
2011/12/23,3.6,1.9,6,-0.4,16.2
2011/12/24,3.3,2.2,5.5,-2.9,15.4
2011/12/25,3,1.3,5.2,-2.3,15.1
2011/12/26,2.2,1.7,4.9,0,16.2
2011/12/27,3.2,2.5,5.2,-2.5,16.7
2011/12/28,4.3,2.8,6.2,-1.4,18
2011/12/29,5.1,1.1,6,-2.3,18.8
2011/12/30,4.3,3,6.2,-3.3,16.8
2011/12/31,3.9,3.1,5.6,0,16.2
2012/1/1,6.3,2.8,5.7,-0.1,16.7
2012/1/2,5.1,3.8,6,-0.7,16.5
2012/1/3,4.5,2.9,6.6,-3.5,16.3
2012/1/4,3.2,1.8,5.4,-3.4,14.2
2012/1/5,2.9,1.8,5.5,-0.6,14.5
2012/1/6,4.2,2,6.3,-0.3,16
2012/1/7,4,2.6,5.7,-1.8,16.4
2012/1/8,3.2,2.5,5.8,-5.5,18.8
2012/1/9,4.8,2,5.9,-2.8,18.1
2012/1/10,5.2,2.4,6.7,-4.7,17.5
2012/1/11,4.7,0.2,5.8,-7.6,16.8
2012/1/12,2.4,-0.2,3.8,-6.9,15.4
2012/1/13,4.2,2,5.6,-6.2,16.6
2012/1/14,5,1,5.1,-8,18.6
2012/1/15,5.3,1.3,4.5,-6.1,20.2
2012/1/16,4.9,0.9,4.5,-5.5,17.8
2012/1/17,4.5,1.2,4.9,-5,18.1
2012/1/18,4.2,1.9,5.4,-3.6,18.7
2012/1/19,5.3,4,6.2,-4.2,20.6
2012/1/20,7.3,4.5,2.8,-5.8,18.5
2012/1/21,7.1,3.9,3.4,-4.7,17.7
2012/1/22,6.3,4.4,5.3,0.9,16.5
2012/1/23,5.4,2.4,5,-2.4,14.3
2012/1/24,2.3,-0.1,3,-5.7,14.7
2012/1/25,1.8,-0.5,4.1,-7,13.7
2012/1/26,1.8,-0.6,3.2,-7.6,14.3
2012/1/27,2.5,0.2,3.2,-7.9,17.4
2012/1/28,3.3,-0.1,2.6,-6.6,20.4
2012/1/29,2.4,-0.1,2.9,-4.4,19.6
2012/1/30,2,-0.5,3.7,-5.6,17.3
2012/1/31,2.4,-0.3,4.1,-5.4,15.3
2012/2/1,2.4,0.1,6,-7.6,16.1
2012/2/2,-0.4,-0.6,2.6,-7.8,13.9
2012/2/3,0.7,-0.3,2.8,-6.6,13.1
2012/2/4,3.6,1.9,5.5,-6.3,15.8
2012/2/5,5.1,1.7,6.1,-3,20.2
2012/2/6,6.9,2.9,4.9,0.7,21.2
2012/2/7,8,3.3,7.7,0.3,18.1
2012/2/8,2.3,-1,6.6,-4.7,13.2
2012/2/9,1.3,-0.9,4.7,-5.6,13.9
2012/2/10,3.1,-0.9,5.7,-7.4,17.8
2012/2/11,3.6,-0.5,5.4,-7.2,17.5
2012/2/12,3.3,0.4,5,-7.6,18.5
2012/2/13,3.5,1.2,5.8,-2.7,20.9
2012/2/14,5.3,2.8,5.2,0.4,21.6
2012/2/15,4.2,2.3,7.6,-3.9,21.1
2012/2/16,4,0.6,3.3,-5.4,18.1
2012/2/17,2.9,-1.8,3.7,-6.8,14.6
2012/2/18,0.5,-1.8,2.5,-8.3,13
2012/2/19,1.1,-1.1,3.3,-6.5,13.6
2012/2/20,3.3,0.7,5.8,-2.9,15.8
2012/2/21,4.5,1.9,8.1,-4.4,19
2012/2/22,8.1,2.2,7.9,-2.2,20.8
2012/2/23,10.2,5.6,7.8,-0.3,20.7
2012/2/24,8.3,4,11.5,-2.8,19.6
2012/2/25,6.1,1.9,5.8,-7,18.4
2012/2/26,4.2,1.4,6,-4.3,16
2012/2/27,2.3,-0.1,4.7,-4.6,16
2012/2/28,4,0.5,3.7,-4,19.6
2012/2/29,6.6,2.9,2.3,0.8,19.1
2012/3/1,9.1,3.5,8.2,2.5,20.5
2012/3/2,9.6,3.7,7.3,-0.6,21.8
2012/3/3,8.7,3.5,7.1,-4,19.6
2012/3/4,6.8,3.3,5.5,-4.5,22.3
2012/3/5,11,5.3,5.7,-4.7,23.6
2012/3/6,13.4,6.7,11.4,1.6,22.3
2012/3/7,10.2,7.5,12.6,3.7,21.7
2012/3/8,9.2,6.2,9.6,0.3,20.8
2012/3/9,6.8,6.1,7.3,0,19.5
2012/3/10,7.4,3.8,5.3,-0.6,17.3
2012/3/11,5,4,7.4,-1.1,16.5
2012/3/12,2.5,4,7.2,-1.4,14.8
2012/3/13,2.6,2.1,6.8,-2,16.1
2012/3/14,5.4,3.6,7.2,-1.1,18
2012/3/15,5.1,4.3,7.9,0.5,18.2
2012/3/16,7.5,5.6,7.7,1.4,21.7
2012/3/17,11.2,8.4,6.8,2.9,23.2
2012/3/18,11.4,7.8,9.6,-1,22.4
2012/3/19,6,2.4,9.1,-4.4,20.2
2012/3/20,6.3,1.1,8.2,-3.9,19.7
2012/3/21,6.5,3.8,8.1,-0.8,18.6
2012/3/22,8.8,5.9,10.1,1.9,22.3
2012/3/23,9.3,6.8,9.9,2.3,22.4
2012/3/24,9.7,6.3,8.4,-0.5,15.8
2012/3/25,5.4,3.7,9.1,-1.5,16.2
2012/3/26,5.4,3.3,8.2,-1,16.3
2012/3/27,8.4,6.9,9.6,0.1,17.2
2012/3/28,8.9,6.6,11.2,1.6,19
2012/3/29,10.2,8,11.7,5.6,20
2012/3/30,13.8,12.9,15.3,9.5,21.7
2012/3/31,9.9,7.9,14.1,1.8,18.8
2012/4/1,6.5,4.7,10,0.1,18
2012/4/2,9.5,6.1,10.8,-0.5,20.6
2012/4/3,11,10.1,14,0.8,19.7
2012/4/4,8.8,6.6,11.9,1.3,17.1
2012/4/5,10.8,5.2,14.8,1.8,19.6
2012/4/6,6.9,4.7,10.7,-0.1,19.3
2012/4/7,5.8,3.8,8.8,-0.9,19.1
2012/4/8,8.5,5.9,9.5,1.9,19.7
2012/4/9,13.3,11.1,16.6,4.7,21.3
2012/4/10,16.1,11,16.4,7.2,22.9
2012/4/11,14.2,12.6,15.7,7.7,23.2
2012/4/12,16.4,11,17.4,8.3,22.4
2012/4/13,14.6,10.9,17.2,6.4,24.4
2012/4/14,11.8,10.1,9.9,6.7,21.8
2012/4/15,13.1,10.3,11.8,5,22.7
2012/4/16,14.3,14.7,13.1,5.9,22.4
2012/4/17,13.5,11.2,14.9,6.6,22.6
2012/4/18,14.7,10.6,15,7.1,21.3
2012/4/19,16.6,11.5,14.2,9.2,22
2012/4/20,15.1,13.4,13.3,8.5,21.7
2012/4/21,16.8,13.6,11.8,10.1,23.5
2012/4/22,14.2,12.9,11.3,9.1,20.9
2012/4/23,18.7,14.4,13.4,10.5,22.7
2012/4/24,18.8,13.5,18.3,11.4,23.5
2012/4/25,20.5,14.1,18.4,12.9,25.5
2012/4/26,17.3,18.3,18.3,12.1,20.4
2012/4/27,17.5,11.9,16.6,12.4,21
2012/4/28,19.7,14.6,18.3,14,21.7
2012/4/29,21.3,18.1,20.6,14.5,24
2012/4/30,20.4,19.6,20.7,16.6,25.4
2012/5/1,20.5,22.7,20.5,18,26.2
2012/5/2,19.2,22.1,18.8,17.1,24.5
2012/5/3,19.4,17.7,17.9,15,23.4
2012/5/4,16.3,14.2,18.6,13.5,23
2012/5/5,19.1,14.8,21.2,12.6,22.8
2012/5/6,17.2,14,19.7,12.7,23
2012/5/7,18.1,16.7,18.5,11.8,23.3
2012/5/8,20.2,17.2,20.5,13.3,23.9
2012/5/9,19.4,14.1,19.3,11.9,25
2012/5/10,15.9,12,17.1,10.8,23.8
2012/5/11,12.5,11.4,17.4,8.8,23.9
2012/5/12,11.9,10.1,16.3,6.7,24
2012/5/13,15.5,11.7,17,9.9,24.3
2012/5/14,19.6,14.4,19.7,12,26.7
2012/5/15,17.4,16.5,18.7,11.7,26.2
2012/5/16,20.1,16.8,22,11.6,24.8
2012/5/17,21.1,16.5,21.6,13.5,24.3
2012/5/18,17.9,13.8,18.8,12,23.9
2012/5/19,19.2,16.2,20.3,11.5,23.9
2012/5/20,20.3,17.7,21.3,13.3,23.6
2012/5/21,20.7,19.1,20.2,13.8,23.5
2012/5/22,19.4,18.9,14.6,16.1,23.7
2012/5/23,19.3,18.2,18.7,15.4,24.6
2012/5/24,20.9,18.6,22,16.3,24.9
2012/5/25,18.1,17.4,20.4,16.5,25
2012/5/26,20.4,18,21,14.2,25.1
2012/5/27,22.6,18.3,22.5,10.9,24.8
2012/5/28,22.5,18.4,21.4,11.7,24.3
2012/5/29,19,16.2,20.7,13.5,24.6
2012/5/30,18.3,16.4,20.1,13.3,25
2012/5/31,21.3,16.3,20.3,14.2,25.9
2012/6/1,22.7,16.6,21.3,14,26.4
2012/6/2,21.7,17,21.6,14.7,25.9
2012/6/3,22.2,20.5,20.3,14.1,24.5
2012/6/4,22.6,20.3,22.1,17.4,25.9
2012/6/5,21,21.5,21.7,19,25
2012/6/6,23.4,21,19.4,18,25.5
2012/6/7,24.1,21.3,21.1,17.4,26.5
2012/6/8,22.6,20.9,23.5,18.1,27.4
2012/6/9,19.9,20.3,19,17.4,27.7
2012/6/10,21,19.4,21.9,18.4,27
2012/6/11,22.5,20.9,20,17,26.4
2012/6/12,20.3,21.3,16.9,15,26.4
2012/6/13,22.1,21.8,17.4,13.3,25.2
2012/6/14,24.7,20.8,18.6,13.6,25.6
2012/6/15,23.2,20.7,20.3,16.1,27.9
2012/6/16,21.9,20.9,20.2,16.4,28.2
2012/6/17,24.4,20.7,23.3,16.4,28.3
2012/6/18,24.9,21.1,24.5,17.4,27
2012/6/19,23.6,21.1,23.9,17.5,25.8
2012/6/20,23.6,21.4,26.9,15.1,27.3
2012/6/21,19.5,19.8,23.7,15.8,26.4
2012/6/22,21,19.2,21.1,14.3,26.8
2012/6/23,21.7,18.9,22.2,15.3,27.4
2012/6/24,22.8,18.7,22.6,16.8,27.4
2012/6/25,23.7,20.6,18.4,18,27.8
2012/6/26,23.1,21.2,19.5,19,28.2
2012/6/27,22.9,22.1,20.6,20.1,28.4
2012/6/28,22.5,22.4,22.5,21.7,28.5
2012/6/29,25.4,22.6,23.4,22.1,28.6
2012/6/30,24.7,24.3,23.3,22.3,28.8
2012/7/1,23.4,24.3,21.9,21.5,28.3
2012/7/2,26.4,22.1,22.8,21.1,28.3
2012/7/3,23.1,23.1,23.5,21.7,28.9
2012/7/4,25,24.8,24.8,20.9,29.5
2012/7/5,24,23.8,26.7,21.1,29.6
2012/7/6,25,23.3,25.3,21.1,29.5
2012/7/7,23.5,21.5,23,21.8,29.2
2012/7/8,23.2,22.1,22.6,21.1,29
2012/7/9,25.8,22.7,24.9,19.7,26.9
2012/7/10,27.2,23.6,26.5,19.3,27.8
2012/7/11,27.3,27.3,27,22.2,29
2012/7/12,25.8,25.4,26.7,19.9,29.3
2012/7/13,27.5,24,27.4,21.6,29.6
2012/7/14,27.2,23.5,28.6,16.8,29.4
2012/7/15,28.6,25.3,29.1,19,29.6
2012/7/16,30.3,29.3,29.5,20,28.8
2012/7/17,30.7,25.2,29.9,21,28.4
2012/7/18,30.4,25,28.5,22.8,29.7
2012/7/19,30,25,28.2,20.4,28.6
2012/7/20,26.9,24.4,20.5,19.8,29.3
2012/7/21,25.6,24.4,19.6,20,29.1
2012/7/22,26.5,25,20.8,20.1,29.4
2012/7/23,27.2,25.7,25.1,20.4,29.3
2012/7/24,27.4,26.7,27.8,22.2,29.4
2012/7/25,29.3,26.2,29.5,23.7,29.4
2012/7/26,30.4,27.6,30.8,23.4,29.7
2012/7/27,31.4,28.9,30,27.1,29.6
2012/7/28,31.1,29.1,30.1,26.6,29.2
2012/7/29,31,28.8,29.5,24.5,29.4
2012/7/30,31.3,29.7,29.6,27,29.6
2012/7/31,30.4,30.1,29,26.5,28.9
2012/8/1,30,28.9,29.4,22.6,28.2
2012/8/2,31,28.1,30.2,20,28.8
2012/8/3,31,28,29.8,21.6,28.4
2012/8/4,29.9,29.2,28.6,20.9,28.6
2012/8/5,30.1,28.7,29.8,22.1,27
2012/8/6,29.4,27.2,27.4,21.4,27.3
2012/8/7,28.9,25.3,28.7,19.9,28.4
2012/8/8,27,23.6,25.8,21.1,28.7
2012/8/9,27.8,24.7,25.9,23.7,28.6
2012/8/10,29,25.3,27.1,23.1,29.1
2012/8/11,27.4,26.1,28.8,23.6,28.9
2012/8/12,29,27.6,27.6,24,29.1
2012/8/13,28.5,26.5,29.8,22.1,29.6
2012/8/14,27,25.9,28.6,22.3,29
2012/8/15,28.8,28.3,29.1,22,29.2
2012/8/16,29.8,28.6,30.1,21.4,29.2
2012/8/17,29.9,28.5,30.5,21.4,28.8
2012/8/18,27.1,28.8,28,22.7,29.2
2012/8/19,28.4,29.3,29,24,29.4
2012/8/20,29.5,29.1,29.1,24.8,29.2
2012/8/21,28.1,28.8,29.7,27.9,29.3
2012/8/22,29.4,29.8,29.6,27,28.2
2012/8/23,28.7,28.4,30.1,22.8,28.5
2012/8/24,28.3,28.8,30,23,29.4
2012/8/25,29.2,28.3,29.9,24.7,28.9
2012/8/26,29.4,28.5,30.1,26.1,26.6
2012/8/27,29.6,28.9,30,25.4,27
2012/8/28,29.6,29.4,29.6,25,28.4
2012/8/29,28,30,29.1,25.3,28.3
2012/8/30,29.6,27.8,30.2,28,28.2
2012/8/31,29.3,28.9,29.6,24.8,27.5
2012/9/1,29,29.7,27.9,26.1,27.8
2012/9/2,27.8,29.2,25.8,25.4,27.6
2012/9/3,26.1,27.2,26.9,26.6,27.7
2012/9/4,26.5,24.9,27.3,26.2,28
2012/9/5,28.5,26.7,28.6,25.1,28.7
2012/9/6,26.3,24,27.3,23.2,28.3
2012/9/7,27.2,25.7,27.6,23.1,28.3
2012/9/8,27.7,27.4,28.1,23.4,28.5
2012/9/9,27.6,28.2,28.8,21.7,28.6
2012/9/10,26.6,28.2,28.9,22.1,28.4
2012/9/11,25.4,23.9,28.7,21.8,27.5
2012/9/12,26.4,24.8,28.1,23.8,26.7
2012/9/13,27.6,25.7,28.8,23.4,27.9
2012/9/14,26.3,27.5,28.8,24.5,28
2012/9/15,27.6,28.2,28.3,25.4,26.2
2012/9/16,28.3,27.9,28.3,22.6,26.8
2012/9/17,29.4,30.5,27.9,24.1,27
2012/9/18,25.3,30.2,28,26.7,26.4
2012/9/19,26.4,24.4,26.7,25.6,25.8
2012/9/20,24.9,22.7,27.6,21.8,25.5
2012/9/21,24.4,21.1,24.7,20.3,26.9
2012/9/22,24.5,22.5,22.3,19.9,27.7
2012/9/23,20.3,20.4,20.3,19.5,27.7
2012/9/24,22.2,20.6,23.2,19.2,25.3
2012/9/25,23,21.5,20.4,16.3,26.4
2012/9/26,23.1,21.1,21.8,16.9,27.3
2012/9/27,22.9,21.8,21.2,17.4,27.4
2012/9/28,23.2,23.7,22.3,18.5,27.3
2012/9/29,22.9,22.7,24.9,20.8,25.6
2012/9/30,21.1,23.4,25.7,20.2,24.6
2012/10/1,20.7,23.1,26.9,18.1,24.7
2012/10/2,22.1,20.9,23.7,17.9,24.7
2012/10/3,22.5,21.7,20.7,17.1,24.9
2012/10/4,21.1,21.8,22.5,16.6,25.3
2012/10/5,21.2,21.2,23.8,16.2,25.2
2012/10/6,20.2,20.8,24,16.3,25.6
2012/10/7,19.7,18.7,19.1,15.2,25.6
2012/10/8,19.4,18,19.8,14.4,26.1
2012/10/9,20.6,18.7,19.1,14.4,25.5
2012/10/10,20.7,18.8,19.2,14.3,26.2
2012/10/11,20.4,19.7,20.8,13.6,25.6
2012/10/12,17.7,17.4,20.9,13.5,24.5
2012/10/13,16.9,17,20.7,13.2,25.5
2012/10/14,18.5,16.5,17.9,14.3,26.4
2012/10/15,18.8,17,21,12.9,25.9
2012/10/16,19.7,15.7,19.1,13,26.6
2012/10/17,19.2,17.2,17.7,13.8,25.5
2012/10/18,17.8,16.9,17.8,11.2,22.6
2012/10/19,16.9,15.1,16.3,9.3,22.8
2012/10/20,16.1,15.5,18.1,12,23.8
2012/10/21,18,17.5,19.1,9.1,24.8
2012/10/22,19.2,17.6,19.8,10.4,25.3
2012/10/23,15.1,16,20.5,13.7,23.2
2012/10/24,13.4,14.1,17.2,8.9,22.4
2012/10/25,14.8,12.9,16.6,9.4,23.7
2012/10/26,15.8,15.6,18.3,10.7,24.8
2012/10/27,17.7,16,18,10.4,25.4
2012/10/28,17.4,15.1,15.4,11.1,24.9
2012/10/29,15.5,15.6,17.7,13.2,23.3
2012/10/30,13.4,13.5,15.5,9.3,22.4
2012/10/31,14.3,11.6,14.9,8.3,20.2
2012/11/1,13,11.1,15.3,8.6,20.3
2012/11/2,11.4,10.5,14.9,9.1,21.2
2012/11/3,12,12.1,14,8.6,21.5
2012/11/4,11.8,12.4,14.9,8.6,21.7
2012/11/5,15.2,13.5,13.5,8,22.1
2012/11/6,15.9,15.4,14,10.9,21
2012/11/7,13.6,11.9,16.5,10.1,20.4
2012/11/8,14.1,14,15.6,9.9,20.7
2012/11/9,13.1,13.5,16.5,9.8,23
2012/11/10,12.4,12.7,15.7,7.7,24.2
2012/11/11,13.6,12.7,13.2,7.2,22.6
2012/11/12,13.9,14.6,15.3,9.2,20.2
2012/11/13,11.4,12.2,14.9,9.9,21.1
2012/11/14,9.3,6.4,13.6,7.5,20.9
2012/11/15,7.6,6.4,11.7,5.8,19.7
2012/11/16,9.8,8.6,13.3,6.4,21
2012/11/17,11.1,8.8,13.7,6.7,21.2
2012/11/18,11.3,9.1,12.7,3.3,20.2
2012/11/19,10.4,8.6,8.6,1.8,20.4
2012/11/20,11.3,9.7,11.8,2.1,19.8
2012/11/21,9.9,7.5,11.4,1.9,21.1
2012/11/22,10.9,8.3,10.9,3,22.9
2012/11/23,11.1,8.8,10.3,0.6,22.1
2012/11/24,9.2,7.5,10.5,0.1,19.8
2012/11/25,8,6.7,9.4,1.8,19.5
2012/11/26,10.5,8.9,8.8,3.1,20.6
2012/11/27,7.3,6.3,11,0.5,18.1
2012/11/28,6.7,6.2,7.2,0.8,20.2
2012/11/29,9.1,7.1,10.1,2.2,21.7
2012/11/30,9.2,5.9,10.5,-0.8,19.5
2012/12/1,6.5,4.2,7.3,-3.2,19.2
2012/12/2,5.3,3.7,5.6,-2,20.1
2012/12/3,7.1,6.5,6.7,1,20.7
2012/12/4,7.7,8.2,9.9,5.2,18.5
2012/12/5,5.2,5.4,9.8,0.4,17.9
2012/12/6,6,5.3,11.9,-0.3,17.4
2012/12/7,4,2.9,8.4,-4.3,18.1
2012/12/8,4.4,3.8,9.3,-3.1,17.8
2012/12/9,2.6,1,6.6,-2.1,16.7
2012/12/10,1.7,3.3,5.4,1.5,16.6
2012/12/11,3.4,2.2,6.7,-1,16.8
2012/12/12,3.8,4.1,7.2,-1.4,17.5
2012/12/13,4.2,5,7.1,-2.6,19.2
2012/12/14,6.1,3.9,7.3,-0.4,21.5
2012/12/15,10.7,7.2,7.2,-0.6,23.2
2012/12/16,10.2,8.7,12,0.8,21.9
2012/12/17,8.7,5.9,7.9,0.3,20.4
2012/12/18,6.9,4.7,10.4,-1.6,17.3
2012/12/19,3.3,1.7,6.1,-4.7,15.7
2012/12/20,4.5,3.8,6.6,-4.3,17.7
2012/12/21,5.5,4,6.8,-1.5,21.1
2012/12/22,7.8,4.6,6.8,-1.1,19.4
2012/12/23,5.4,3,7.1,-5.1,16.8
2012/12/24,1.8,1.6,5.1,-7.9,14.9
2012/12/25,3.3,1.5,4.5,-7.3,16.7
2012/12/26,3,-1.2,4.4,-8.3,17.6
2012/12/27,2.1,0.3,3.9,-8.4,19.9
2012/12/28,3.6,2.7,4.2,-5,21.3
2012/12/29,9.2,4.3,7.5,-4.5,21
2012/12/30,9.3,6.3,7.2,2,17.3
2012/12/31,3.8,2.6,8.8,-3,14.1
2013/1/1,3.1,0.8,6.5,-5.6,15.2
2013/1/2,4.4,3.8,10,-4.3,18.7
2013/1/3,1.7,-0.4,5.6,-6.4,16.9
2013/1/4,1.4,-0.6,3.2,-7.6,14.2
2013/1/5,1.8,0.2,2.8,-4.2,16.1
2013/1/6,2.8,2.1,4.7,-5.9,17.3
2013/1/7,4.7,0.4,5.5,-7.1,19.9
2013/1/8,4.5,0.6,6.6,-7.3,19.6
2013/1/9,4.2,1,6.7,-8.2,16.5
2013/1/10,3.5,0.2,5.5,-6.6,15.7
2013/1/11,3.1,0.3,5.1,-6.5,16.5
2013/1/12,3.5,1.8,4.6,-4.5,18.7
2013/1/13,4.9,4.5,7.6,-3.9,20.5
2013/1/14,5.8,2.6,3.5,-5.3,17.8
2013/1/15,4.1,1.9,4.4,-7.1,16.7
2013/1/16,4.5,1.8,3.6,-6.6,16.7
2013/1/17,4.1,1.2,4.3,-8.3,15.5
2013/1/18,1.4,-0.4,3.3,-8,13.4
2013/1/19,3.5,2.8,5.2,-2.4,15.8
2013/1/20,5.3,4.1,6.1,-1.1,17.8
2013/1/21,4.5,3.6,6.5,-1.1,20.5
2013/1/22,7.2,3.8,6.2,-2.7,19.5
2013/1/23,5.8,3.7,6.5,-3.9,16.5
2013/1/24,5.7,4.7,6,-2.6,16.1
2013/1/25,4.3,1.6,6.8,-1,15.7
2013/1/26,1.5,-0.4,3.8,-4.9,14.7
2013/1/27,1.5,1.1,4.8,-2.3,14.7
2013/1/28,1.9,1.7,5.4,-4.3,14.3
2013/1/29,4.8,3.2,7.1,-4.5,16.3
2013/1/30,5.9,2.9,8.1,-1,17.5
2013/1/31,5.4,2.2,5.8,-0.8,20.3
2013/2/1,7.5,4.5,7.9,1.7,21.1
2013/2/2,11.5,7,15.6,1.2,20.9
2013/2/3,7.8,2.5,9.9,-5.8,20.5
2013/2/4,7.1,3,10.1,-3.1,22.6
2013/2/5,6.1,2.9,9.5,-4.9,22.4
2013/2/6,5,0.9,3.4,-4.1,19.5
2013/2/7,5.5,2,7.1,-3.5,17.5
2013/2/8,0.7,-0.2,4.7,-2.5,14.2
2013/2/9,1.3,0.3,4.4,-4.7,14.7
2013/2/10,3.4,0,5.4,-5.8,16.4
2013/2/11,3.6,-0.1,5,-6.1,17.5
2013/2/12,3.4,0.6,4.1,-6,20.2
2013/2/13,4.4,3.1,6.7,-3.8,16.9
2013/2/14,5.5,3.1,7.3,-2.4,18.3
2013/2/15,4.8,2.4,5.4,-3.3,19.4
2013/2/16,1.6,-1.1,3.1,-5.7,16.2
2013/2/17,1.3,0.5,4.1,-5.9,18.4
2013/2/18,4.4,2.4,5.2,-5.3,21.2
2013/2/19,3.1,1.2,5.5,-4,19.8
2013/2/20,2.9,-1.1,4.4,-6.4,16.7
2013/2/21,2.5,-0.7,4.5,-5.4,17.6
2013/2/22,4.1,0.8,5.5,-5,17.6
2013/2/23,3.9,0.7,6.2,-5.3,16.7
2013/2/24,2.2,-1.6,3.6,-6.9,16.3
2013/2/25,2,-0.9,3,-5.8,17.7
2013/2/26,4.5,0.4,5.5,-3.4,20.1
2013/2/27,7.6,3.8,5.5,-0.3,20.3
2013/2/28,8.3,5.6,9.9,0.8,20.3
2013/3/1,8.3,6.5,13.6,0.6,21.5
2013/3/2,4,2.4,8.7,-0.8,16.9
2013/3/3,3.2,2.5,6.8,-2.6,16.5
2013/3/4,4.7,2.7,6.4,-2.7,16.4
2013/3/5,6.8,4.1,8.4,-0.6,16.7
2013/3/6,8.6,6.2,11,0.3,17.9
2013/3/7,12,10.1,13.5,0.6,19.4
2013/3/8,14.7,10.7,17.7,1.4,20.9
2013/3/9,15.4,6.4,16.7,-5.4,21.5
2013/3/10,8.3,5.2,13.6,-4,22.6
2013/3/11,5.5,0.9,7.9,-3.7,20.9
2013/3/12,8.5,5.4,10.7,2.7,21.6
2013/3/13,12.2,6.7,17.2,2,23
2013/3/14,4.7,3.1,8.3,-3.2,18.9
2013/3/15,6.5,3.6,9.2,1.5,18.6
2013/3/16,9.3,6,12.5,-0.8,20
2013/3/17,11.6,8,12.9,0.8,20.9
2013/3/18,15.8,12.9,18.3,4.8,22.2
2013/3/19,16.1,9.5,19.7,3.4,22
2013/3/20,12.7,9.3,17.4,-0.4,22.8
2013/3/21,6,2.6,11.7,-4,19.3
2013/3/22,9.9,6.6,13.2,-0.1,22.3
2013/3/23,9.4,4.4,13.7,-1.7,23.9
2013/3/24,11.4,5.1,11,0.1,22.9
2013/3/25,9.3,5.3,9.8,-0.1,19.3
2013/3/26,6.6,4.1,9.4,0.4,18.8
2013/3/27,9.6,7.5,8.3,2.8,21.8
2013/3/28,13.6,12.4,15,4.6,20.9
2013/3/29,13.5,7.4,16,2.4,19.9
2013/3/30,11.1,5.5,9,1,21.1
2013/3/31,11,4.1,7.4,1.3,20.5
2013/4/1,12,7.1,11.2,3.2,20.6
2013/4/2,13.5,12.6,10.6,5.2,22.4
2013/4/3,12.3,10.7,13.7,6.9,18.1
2013/4/4,14.5,10.9,17.2,5.9,20.3
2013/4/5,17.4,9.7,18.1,4.6,22.5
2013/4/6,16.5,15.8,17.4,7.4,20.6
2013/4/7,11.3,10.8,17.7,9.3,15.4
2013/4/8,10.8,8.2,14.7,5.3,17.2
2013/4/9,13.2,10,16.9,5.4,19.9
2013/4/10,10.4,6.7,13.6,4.8,16.7
2013/4/11,8.2,5.5,9.7,4.5,18
2013/4/12,8.5,4.9,11.4,3.1,16.7
2013/4/13,10.3,7.3,12.3,6.4,19
2013/4/14,14.9,14,16.6,8.3,18.6
2013/4/15,16.2,8.5,17.2,5.7,20.5
2013/4/16,18.3,13,16.4,6.7,21.9
2013/4/17,19,12.2,20.9,4.4,23.2
2013/4/18,18.5,9.2,19.9,4.9,23.1
2013/4/19,10.6,7.4,14.5,3.4,22.3
2013/4/20,9.4,6.3,9.2,5.5,23.1
2013/4/21,8.2,5.2,7.4,7.1,19.5
2013/4/22,9.8,7.8,11.8,8.6,20
2013/4/23,12.5,10.5,14.3,10.7,22.5
2013/4/24,14.4,13.8,16.8,9.7,23.9
2013/4/25,16.2,13.7,18,8.8,21.5
2013/4/26,13,10.2,17.5,8.6,20.6
2013/4/27,13.3,10.8,15.8,7,19.9
2013/4/28,14.6,11.2,16.8,5.4,21.6
2013/4/29,17.6,14.5,17.9,5.8,23
2013/4/30,16,13.6,19.6,5.1,24.5
2013/5/1,11.8,9.5,14.5,5.5,20.3
2013/5/2,10.6,8.4,14.6,4.6,20.2
2013/5/3,12.7,9.7,14.8,4.6,20.7
2013/5/4,13.7,12.1,16.2,5.9,22
2013/5/5,16,14.3,18.1,7.8,22.1
2013/5/6,18.1,13.6,20.1,6,22.2
2013/5/7,13.6,8.6,15.5,5,22.6
2013/5/8,15.6,10.5,17.3,7.8,22.7
2013/5/9,19.4,14.7,19.5,11.2,23.2
2013/5/10,16.6,16.7,22.4,12.9,24.5
2013/5/11,16.8,16.5,18.9,9.8,22.6
2013/5/12,19.4,16.7,19.9,10.7,22.9
2013/5/13,21.9,19.3,19.2,8.7,21.7
2013/5/14,23.6,14.9,22.8,10.3,23.7
2013/5/15,22.6,20.5,20.7,9.6,24.4
2013/5/16,18.3,13.5,20.5,9.7,24.6
2013/5/17,19.5,12.7,18,12.1,23.3
2013/5/18,20.9,16.5,19.9,12.8,24.8
2013/5/19,18.4,17.8,20.1,12.8,24.8
2013/5/20,21.9,18.3,19.1,12.7,24.2
2013/5/21,23,18.8,23.2,14.7,23.7
2013/5/22,24.2,19.1,22.3,13,25.1
2013/5/23,22.2,17.1,22.5,9.7,24
2013/5/24,21.7,17.7,22.2,10,22.9
2013/5/25,23.1,19.2,18.2,13.3,23.3
2013/5/26,23.4,21.9,21.7,16.4,23.8
2013/5/27,22.4,22,22.3,19.6,25.6
2013/5/28,20.8,24.1,22.2,20,27.4
2013/5/29,21.7,21.7,22,15.3,27.7
2013/5/30,20.6,19,21.4,16.9,27.6
2013/5/31,21.6,19,22.6,20.7,27
2013/6/1,22.2,22.5,20.3,20,27.5
2013/6/2,22.3,20.3,18.3,16.6,27.9
2013/6/3,23.1,18.9,20,13.3,25.7
2013/6/4,23.9,19,23.2,13,24.8
2013/6/5,24.4,19.9,22.8,13.2,25.1
2013/6/6,23.2,20.5,22.6,14.8,25.5
2013/6/7,23.4,19.5,22.2,18.1,25.6
2013/6/8,23.3,18.7,22.3,19.5,27.7
2013/6/9,22.8,19.3,23.6,17.1,28.9
2013/6/10,23.7,21,23.6,18.4,26.5
2013/6/11,23.7,24.7,21.4,20,26.8
2013/6/12,27.4,26.5,21.1,18.8,27.7
2013/6/13,28.8,26.6,21.4,20.8,28.3
2013/6/14,28.3,25.5,23.5,20.6,29
2013/6/15,24.8,22.5,26,20,28.9
2013/6/16,26.4,23.1,22.9,19.8,28.1
2013/6/17,26.5,24.2,24.6,18.9,27.9
2013/6/18,27.6,22.3,26.9,18.5,27.8
2013/6/19,24.8,20.8,26.7,18.3,28.8
2013/6/20,20.2,21.8,22.3,15.9,28.8
2013/6/21,20,21.3,21.8,15,28.8
2013/6/22,22,20.8,22.8,14.8,28.8
2013/6/23,23,21.8,23.4,18.6,28.8
2013/6/24,23.7,22.2,23.3,19.8,29.1
2013/6/25,25,22.5,24.1,20.2,29.2
2013/6/26,21.3,22.3,21.8,18.8,29.2
2013/6/27,24.2,22.8,23,15.3,29.1
2013/6/28,23.8,22.6,22.4,15.6,29.4
2013/6/29,25.5,23.3,24,16.4,29.4
2013/6/30,25,24.3,24.2,18.9,29.3
2013/7/1,25.4,25.7,23.8,21.9,29.7
2013/7/2,25.1,25.7,24.3,22.5,29.7
2013/7/3,23.9,22.3,24.1,18.9,29.7
2013/7/4,24.4,26.3,25.2,21.1,30
2013/7/5,28.2,25.2,26.8,22.3,30.1
2013/7/6,29.1,24.4,29.2,23.2,30.1
2013/7/7,29.4,25,29.5,23.9,30.2
2013/7/8,30.8,26.5,29.4,24.5,29.4
2013/7/9,30.8,27.8,30.1,26.1,29.8
2013/7/10,30.9,26.3,30.2,23.1,29.5
2013/7/11,30.9,25.7,30.3,22.3,29.9
2013/7/12,30.4,26.5,30.9,21.8,29.3
2013/7/13,26.9,24.4,30.7,22.6,29
2013/7/14,25.2,24.7,29.3,22.4,28.6
2013/7/15,26.3,23.6,28.5,22.8,28.9
2013/7/16,27.2,24.2,25.3,22.4,28.5
2013/7/17,28.3,23.1,24.6,20.7,28.8
2013/7/18,28.9,23.2,27.7,20.6,28.4
2013/7/19,26.5,22.8,25.4,21,28.4
2013/7/20,27.2,23.3,23.9,22.1,28.6
2013/7/21,28.8,25.5,24.8,23,28.4
2013/7/22,28.6,25.7,26.5,21.9,29.2
2013/7/23,29.2,24.9,28,24,29.3
2013/7/24,27.3,24.5,25.4,22.7,28.8
2013/7/25,29.8,26.4,26.7,18.7,29.4
2013/7/26,29.9,26.8,28.4,22.2,29.5
2013/7/27,29.2,24.9,27.6,21.6,29.7
2013/7/28,28.1,25.2,27.3,22.2,29.5
2013/7/29,25.7,23.6,26.3,23.1,29.7
2013/7/30,28.9,26.4,27.8,25.3,29.8
2013/7/31,28.1,26.5,27.4,25.1,30.1
2013/8/1,28.1,25.2,27.5,23.1,30.3
2013/8/2,28.4,25.2,25.6,21.4,30.6
2013/8/3,27.7,23.9,26.7,20.8,30.2
2013/8/4,27.9,25.1,27.8,22,30.3
2013/8/5,27.6,27.3,29.1,23.2,30.3
2013/8/6,28.6,27.5,28.7,26.3,30.4
2013/8/7,30.1,27.8,30,25.5,30.5
2013/8/8,29.6,28,30.3,25.9,30.6
2013/8/9,31,29,31,23.2,30.4
2013/8/10,31.7,29.1,33.2,23.9,29.9
2013/8/11,31.7,29.2,32.9,24.2,30.1
2013/8/12,31.3,28.5,31.3,24.1,29.1
2013/8/13,30.1,27.6,30,23.4,29.3
2013/8/14,30.6,27.9,30.2,24.6,28.7
2013/8/15,31.4,29.4,30,25.7,29.3
2013/8/16,31,29.4,29.7,26.7,29.5
2013/8/17,30.6,29.9,29.6,25.1,28.3
2013/8/18,31.1,29.9,29.6,26,30.1
2013/8/19,31.5,30,30.3,25.9,29.5
2013/8/20,31.6,25,30.5,23.5,29.1
2013/8/21,30.7,26.7,29.1,22.1,29.1
2013/8/22,31.1,26.9,28.5,23.1,29.1
2013/8/23,30,23.8,28.2,23.7,29.1
2013/8/24,26.6,25.9,29,21.6,28.9
2013/8/25,25.4,24.4,25.5,21.3,28.7
2013/8/26,24.5,25.1,26.7,21,28.6
2013/8/27,25.7,24.1,25.4,20,29.6
2013/8/28,26,23.9,27.8,19.9,29.7
2013/8/29,27.7,25.9,28.3,20.1,29.6
2013/8/30,28.6,26,31.4,19.3,29.4
2013/8/31,28.5,27.5,30.8,19.1,29.4
2013/9/1,25.1,25,30.4,19.8,29.1
2013/9/2,24,22.7,29,20.2,27.5
2013/9/3,24.1,24.5,29.6,20.6,27.8
2013/9/4,22.4,26.6,27.9,21.3,28.1
2013/9/5,23.4,22.8,27.5,22.4,27.7
2013/9/6,24.6,23.8,26,18.2,27.3
2013/9/7,22.9,22.4,25.9,19,28.4
2013/9/8,23.6,21.1,25.2,20,27.9
2013/9/9,24.1,22.1,24.6,19.9,28.1
2013/9/10,25.2,23.5,24.8,20.5,28.5
2013/9/11,26.8,24.6,24.7,21.2,29.2
2013/9/12,27.6,23.6,27.6,21.5,29.7
2013/9/13,29,26.1,28.2,21.2,29.7
2013/9/14,28.5,27.7,28.6,23.4,29.1
2013/9/15,24.5,25.4,26.7,21.9,28.9
2013/9/16,22.6,22.4,26.5,17.9,28.6
2013/9/17,21.7,20.7,23.5,19.2,28.6
2013/9/18,23.1,20.7,23.7,17.6,29.2
2013/9/19,24.2,20.8,23.9,17.3,28.5
2013/9/20,24.7,22.5,24.9,19.5,28.6
2013/9/21,25.3,23.3,25.6,19.6,28.3
2013/9/22,25.1,21.4,25.3,16.7,29
2013/9/23,25.2,22.2,22,16.1,28.4
2013/9/24,25.4,23.8,22.7,18.4,27.9
2013/9/25,26,24.5,23.3,14.6,27.8
2013/9/26,21.7,19.4,22.1,12.8,27.2
2013/9/27,20.3,18.4,19.8,12.8,27.1
2013/9/28,22.1,19.6,20.3,15.5,26.9
2013/9/29,23,21.8,22.2,18.5,27.8
2013/9/30,23.4,22.1,22.2,17,27.8
2013/10/1,24.6,22.2,22.3,16.9,27.2
2013/10/2,24.7,21.6,23.4,19.6,26.9
2013/10/3,21.7,19.6,24.5,16.3,27.3
2013/10/4,20.7,19.6,18.3,13.5,27.1
2013/10/5,23.4,20.9,17.8,16.3,26.1
2013/10/6,26.2,22.8,21.4,16,27.6
2013/10/7,25.5,24.9,23.6,17.4,27.1
2013/10/8,24.8,24.1,25.4,17.1,27.3
2013/10/9,24.9,24.4,26.1,12.8,26.9
2013/10/10,25.6,22.9,25,14.8,27.3
2013/10/11,26.2,22.7,25.7,17,27.2
2013/10/12,21.8,19.8,26.1,16.2,26.1
2013/10/13,19.1,18.5,21.6,12.1,26.1
2013/10/14,20.1,16.6,20.8,14,26.5
2013/10/15,20,18.2,18.2,12.3,25.9
2013/10/16,17.2,16.1,20.1,6.9,23.7
2013/10/17,15,14.4,18,8.2,23.8
2013/10/18,16.2,13.5,17.2,9.7,24.6
2013/10/19,17.5,15.2,16.2,9.6,25.2
2013/10/20,17.1,15,15.2,11.4,25.1
2013/10/21,19,17.4,18.4,12.6,25.2
2013/10/22,19,17.1,18.6,11.7,25.1
2013/10/23,18.5,17.9,17.5,11.4,25.1
2013/10/24,19.5,16.7,16,11.6,25.6
2013/10/25,18.6,17.4,18,13,24.1
2013/10/26,15.9,14.1,15.4,11,22.6
2013/10/27,15,14.5,16.6,8.6,21.9
2013/10/28,14.8,13,16.1,8.5,22.2
2013/10/29,16.3,15.1,14.7,11.1,22.7
2013/10/30,17.3,14.7,18,12,23.5
2013/10/31,15.3,15.1,17.8,11.2,22.4
2013/11/1,15.1,13.3,17.2,10.1,23
2013/11/2,15.1,12.5,15.4,9.9,25.7
2013/11/3,16.3,14.8,17.4,11.4,25.6
2013/11/4,16,14.1,16.6,9.1,24.5
2013/11/5,14.4,12.6,16,9.9,23.2
2013/11/6,14.8,12.6,16,12.1,24.1
2013/11/7,16.5,13.6,15,12.6,23.6
2013/11/8,14.7,13.3,16.5,5,24.1
2013/11/9,14.1,10.8,13.3,6.5,24.7
2013/11/10,14.6,11.5,16.6,6.7,25.6
2013/11/11,11.3,7.5,12.5,0.3,21.5
2013/11/12,8.6,5.6,9.6,0.8,19.9
2013/11/13,8.4,5,9.8,1.6,19.2
2013/11/14,10.3,7.9,10.8,5,20.6
2013/11/15,12,9.7,11.3,8.3,22.2
2013/11/16,11.7,9.9,12.9,6.5,22.5
2013/11/17,12.7,10.9,14.1,5.4,21.2
2013/11/18,11.1,10.1,14.4,8.6,19.8
2013/11/19,8.6,9.2,12.7,7.3,18.9
2013/11/20,9,5.8,12.2,5.7,18.6
2013/11/21,9.2,8.4,12,7,19.2
2013/11/22,9.3,7.7,12.4,6.1,19.9
2013/11/23,9.8,8,12.6,6.5,20.4
2013/11/24,10.1,9.1,12.6,5.4,21.7
2013/11/25,13.3,12.4,14.5,7.7,20.3
2013/11/26,9.6,11.2,15.1,7.9,19.1
2013/11/27,8.8,9.4,12.9,2.5,19.1
2013/11/28,7.8,6.8,14,0.4,16.6
2013/11/29,5.8,3.6,9.8,0.5,16.1
2013/11/30,6.3,6.2,10.2,2.2,16.8
2013/12/1,7.7,7.5,10.4,1.6,17.5
2013/12/2,8.5,7.6,10.8,2.3,18.1
2013/12/3,8.3,7.9,11.7,1.9,17.2
2013/12/4,8.5,8.4,11.5,4.3,17.8
2013/12/5,8.9,9,11.6,6.5,18.7
2013/12/6,9.4,8.5,12.5,2.9,18.6
2013/12/7,8.7,5,11.1,1.1,19
2013/12/8,7.1,6.1,8.8,1.5,20.3
2013/12/9,7.9,6.7,8.2,3.1,20.8
2013/12/10,9.6,9,9.5,7.1,17.7
2013/12/11,7.2,7,10.1,3.5,17.6
2013/12/12,4.9,2.9,9.9,-0.1,17
2013/12/13,3.8,3.3,9.7,-2.7,17.8
2013/12/14,4.4,3,7.6,-3.3,18.4
2013/12/15,5.6,2.7,7.2,-0.6,18
2013/12/16,6,5.3,8.2,2.9,18.8
2013/12/17,6.7,4.3,9.2,2,22.3
2013/12/18,6.5,4.4,6.6,1.2,20.5
2013/12/19,7.9,7,6.3,-0.2,17.2
2013/12/20,5.1,5.2,6.1,0.2,15.1
2013/12/21,5,4,6.8,-0.1,15.6
2013/12/22,4.6,5,7.6,-2.9,16
2013/12/23,5.6,3.8,6.4,-1.6,16.5
2013/12/24,5.8,3.3,7.6,-2.7,17.2
2013/12/25,6.1,4.6,6.7,-0.9,15.5
2013/12/26,6.2,4.4,6.3,2.3,16.5
2013/12/27,5.1,4.1,7,2.1,14.3
2013/12/28,2.3,2.1,5.4,-1.8,14.2
2013/12/29,2.4,2.1,4.9,-3,14.2
2013/12/30,3.2,5.1,5.4,-2,15
2013/12/31,5.7,3,6.9,-0.6,14.2
2014/1/1,7.1,6.5,9.6,-0.3,15.1
2014/1/2,5.6,3.8,7.3,-3.4,15.9
2014/1/3,5.2,4.5,5.9,-1.7,19.8
2014/1/4,4.8,4.3,6.5,-3.7,19.3
2014/1/5,3.1,2.4,5.4,-4.2,16.9
2014/1/6,3.3,3.1,5.3,-3.7,16.3
2014/1/7,4.4,3.3,5.5,0.1,18.3
2014/1/8,6.3,3.8,7.3,0.4,19.8
2014/1/9,5.4,1.9,7.2,-5.1,15.5
2014/1/10,2.2,-0.1,3.6,-7,14.6
2014/1/11,3.1,1.3,4.3,-6.6,16.4
2014/1/12,3.6,2.1,5.3,-6.2,18.5
2014/1/13,3.3,0.2,5.1,-7.6,15.9
2014/1/14,2.2,0.4,4.2,-4.6,16.2
2014/1/15,3.9,0.1,3,-4.7,15.4
2014/1/16,4.4,1.4,4.8,-5.2,15.1
2014/1/17,4.3,1.3,5.8,-6.5,16.4
2014/1/18,3.4,1,5.2,-6,15.8
2014/1/19,1.5,0.7,4.2,-5.7,15.6
2014/1/20,2.9,1.4,4.8,-7,16.3
2014/1/21,3.9,1.9,6.3,-6.3,14
2014/1/22,2.9,2.5,5.5,-5.4,13.4
2014/1/23,3.3,2.6,6.5,-8.1,14.9
2014/1/24,4.9,2.3,7.2,-1.8,16.6
2014/1/25,8,6.1,8.4,1.7,18.9
2014/1/26,6.2,3.8,9.5,-2.6,17.1
2014/1/27,3.4,0.6,4.6,-4.9,16.8
2014/1/28,4.9,2.5,8.8,-2.1,18.3
2014/1/29,6.7,2.5,8.9,-6.1,18.6
2014/1/30,5.1,4.7,10.3,1.6,19
2014/1/31,9.1,3.7,9.9,-3.1,20
2014/2/1,8.1,3.6,7.9,-5.1,20.8
2014/2/2,11.3,8.5,9.3,-2.2,20.7
2014/2/3,11.3,7.4,12.8,-1.5,21.3
2014/2/4,4.5,0.3,5,-6.4,17.2
2014/2/5,1.3,-2.8,1.6,-8.5,16.1
2014/2/6,1.3,-0.7,2.7,-7.7,19.1
2014/2/7,2.9,-0.1,4,-7.6,21
2014/2/8,2.8,-0.9,0.3,-9.2,18.7
2014/2/9,4.3,1.1,5.4,-6.6,16.5
2014/2/10,2.7,1.9,6,-3.2,15
2014/2/11,2.5,0.3,3.3,-4,16.2
2014/2/12,3.4,0.5,4.8,-4.4,15.5
2014/2/13,4,1.8,5.3,-3.7,16.8
2014/2/14,2.1,0.4,1.4,-4.7,16.7
2014/2/15,4.4,2.6,3.9,-4.1,15.7
2014/2/16,5,4.8,6.9,-1,16.6
2014/2/17,4,3.6,7.3,-1.9,19.4
2014/2/18,3.3,0.9,4.7,-2.9,20.1
2014/2/19,3.7,1.5,4.7,-1.9,16.9
2014/2/20,3.8,1.8,4.6,-3,15.5
2014/2/21,3.3,1.4,5.5,-3.7,15.3
2014/2/22,3.5,2,5.1,-2.8,16
2014/2/23,3.9,2,5.6,-2.8,17.4
2014/2/24,5,2.3,6.3,-2.6,17.9
2014/2/25,6.6,3.8,8.2,-0.6,19.2
2014/2/26,8.9,6,10,1.2,20.6
2014/2/27,11.9,7.9,10,2.1,19.1
2014/2/28,11.8,7.4,13.8,0.7,18.5
2014/3/1,9.1,5.4,8.9,-0.8,20.8
2014/3/2,8.4,4.4,5.6,-2.6,18.7
2014/3/3,5.7,2.6,6.6,-4,18
2014/3/4,7,4.1,6.9,-3,19.4
2014/3/5,8,5.2,6.5,-1.7,17.9
2014/3/6,2.4,0.4,5.4,-4.2,16.6
2014/3/7,2.8,0.6,4.4,-5.7,15.5
2014/3/8,4.1,1.8,5.9,-4.5,17.1
2014/3/9,5.7,2.4,6.4,-2.3,16
2014/3/10,2.7,0.4,4.9,-1.9,15.2
2014/3/11,5.2,3.2,6.1,-2.7,16.1
2014/3/12,9.8,7.3,11,-2.1,19.4
2014/3/13,9.8,6.3,12.3,-0.4,18.1
2014/3/14,5.6,4.2,10.1,-0.1,14.5
2014/3/15,6,3.1,8.3,-1,14.8
2014/3/16,9.8,5.4,10.8,0.6,16.5
2014/3/17,12.4,5.8,12.1,1.7,18.5
2014/3/18,12.6,7.2,15.4,2.1,21.1
2014/3/19,11,6.8,11.2,1.5,21.8
2014/3/20,10.2,6.1,8.1,0.9,19.9
2014/3/21,5.2,4.7,10.1,-0.8,15.5
2014/3/22,6.5,5.9,9.3,0,16.2
2014/3/23,9.6,7.9,11.6,0.9,17.2
2014/3/24,12.2,10.6,13.6,4.8,18.7
2014/3/25,14.8,12,16.6,7.6,20.2
2014/3/26,13,11.5,16.4,5.8,22.3
2014/3/27,13.2,9.8,12.6,5.2,22
2014/3/28,13.6,10.7,14.8,5.3,21.2
2014/3/29,15.9,14.7,17.7,6.8,22.8
2014/3/30,14.6,11.1,16.5,4.2,20.3
2014/3/31,12.4,8.5,15.7,4.4,18.9
2014/4/1,12.8,9,13.9,4.7,18.8
2014/4/2,16,11.5,15.2,6.4,20.4
2014/4/3,17.2,14.8,13.8,7.2,20.3
2014/4/4,11,9.1,15.3,2.4,17.7
2014/4/5,7.8,4.8,11.4,1.6,17.1
2014/4/6,6.9,5,9,2.7,17.5
2014/4/7,9.2,9,11.4,4.5,17.7
2014/4/8,13.5,10.8,15.8,3.9,19.8
2014/4/9,16,10.3,15.5,8.5,19.9
2014/4/10,13.7,9,16.1,3.9,21.3
2014/4/11,11.2,8,12.9,2.9,21.5
2014/4/12,12.5,9.7,14.6,4.5,22.1
2014/4/13,12.7,9.4,14.4,4.1,23
2014/4/14,13.6,9.1,14,7.7,21.3
2014/4/15,14,11.1,16.3,9.1,20.5
2014/4/16,16.5,12.2,18.7,6,20.8
2014/4/17,18.6,10.8,17.7,5,22.3
2014/4/18,15.9,10.8,11.8,4.5,23.5
2014/4/19,12.7,9.2,11.7,3.6,23.4
2014/4/20,11.6,9,11,6,23.7
2014/4/21,15.4,11.9,13.4,8.6,23
2014/4/22,15.1,10.9,15.2,8.5,23.3
2014/4/23,15,9.9,16.2,8.1,21
2014/4/24,16.2,11.5,16.6,12.5,19.1
2014/4/25,17.7,13.3,17.8,14.5,20.5
2014/4/26,18.8,14.7,18.2,16.4,22
2014/4/27,18.8,16.9,18.1,17.9,22
2014/4/28,16.7,15.6,18.6,10.3,21.5
2014/4/29,15.7,16.8,17.8,9.6,20.4
2014/4/30,18.9,17.8,16.7,12.8,20.2
2014/5/1,17.9,16.3,20.6,14.2,20.3
2014/5/2,20.1,16.6,21,12.9,21.4
2014/5/3,18.2,15.9,21.3,13.2,22.1
2014/5/4,17.5,15.1,18.6,11.7,23.1
2014/5/5,16,15,18.1,12.4,21.8
2014/5/6,15.2,13.1,14.3,11.9,19.6
2014/5/7,16.7,14.1,16.5,12.5,21.1
2014/5/8,18.9,16.7,18.7,14.5,22.8
2014/5/9,18.6,13.8,19.3,12.6,22.3
2014/5/10,17.6,13.6,19.8,11.8,22.5
2014/5/11,19.4,15.5,20.6,15.5,25.5
2014/5/12,18.8,18.4,19.6,18.2,26
2014/5/13,21.9,17.6,19.3,15,23.3
2014/5/14,21.2,21.6,21.9,16.7,26.2
2014/5/15,17.9,18.2,19.9,14.6,24.7
2014/5/16,19,14.6,21.5,10.3,22.9
2014/5/17,19.2,11.9,21.1,7,23.9
2014/5/18,20.4,14.9,20.5,8.5,24.8
2014/5/19,21.7,15.9,21.1,12.3,25.8
2014/5/20,20.4,17.9,21.7,14.9,25.6
2014/5/21,18.3,16,17.5,15.7,23.1
2014/5/22,18.3,14.2,18.6,14.1,20.6
2014/5/23,18,13.1,17.8,11.3,21
2014/5/24,20.4,18,20.6,12.7,23.8
2014/5/25,22.8,21.2,22.7,11.4,25.1
2014/5/26,19.3,20.1,21.3,12.1,26.6
2014/5/27,21.2,21,21.4,16.2,25
2014/5/28,23.1,22.7,22.7,18.9,25.3
2014/5/29,24.3,22.3,23.1,20.8,25.3
2014/5/30,25.2,23.5,24.1,18.9,24.7
2014/5/31,26,22.7,25.6,20,24.5
2014/6/1,27.4,21.8,26.6,17.9,24.1
2014/6/2,26.5,22.2,25.5,21.5,26.8
2014/6/3,25.6,24.6,24,23.9,26.6
2014/6/4,23.6,25.6,24.3,23.9,24.9
2014/6/5,20.7,21.8,21.2,21.8,25.4
2014/6/6,23.1,23.1,19.9,18.8,25.1
2014/6/7,22.6,22.1,18.4,18,24.7
2014/6/8,24.6,21.7,20.5,18.1,23.6
2014/6/9,25.6,22.3,22.9,19.7,25
2014/6/10,24.9,23.5,23.5,19.6,26.4
2014/6/11,23.2,24.2,22.2,18.7,25.6
2014/6/12,22.5,21.2,22,17.9,25.6
2014/6/13,22,19.2,24.9,15.7,23
2014/6/14,22.8,19.4,24.7,15,24.3
2014/6/15,25,21.5,24.4,16.2,27.8
2014/6/16,25.1,22,25,15.7,28.5
2014/6/17,24.2,22.1,24.3,17,28.9
2014/6/18,22,20.5,23.2,16.9,27.7
2014/6/19,24.4,20.4,24.8,15.6,26.1
2014/6/20,24.5,21.1,24.6,14.9,28.6
2014/6/21,24.9,21.6,24.6,15.3,29.5
2014/6/22,22.7,20.3,22.5,16.6,29.6
2014/6/23,23.6,19.8,24.2,16.6,28.9
2014/6/24,24.5,19.6,22.6,17.3,25.9
2014/6/25,25.9,20.6,22.6,20,27.4
2014/6/26,24.9,23.6,23.6,21.3,29.1
2014/6/27,24.9,25.6,23.9,22.6,29.7
2014/6/28,23.3,24.9,22.8,21.9,29.7
2014/6/29,24.3,21.7,23.3,21.8,29.2
2014/6/30,25,22.7,23.6,21.2,28.7
2014/7/1,26,22.3,25.3,21.2,29.3
2014/7/2,26.2,22.4,25.8,21.4,30
2014/7/3,22.4,23.4,24.8,21.6,30
2014/7/4,24.8,22.4,21.6,22.3,30.2
2014/7/5,24.3,24.9,22,20.2,30.4
2014/7/6,24.4,24.5,24.2,19.8,30.5
2014/7/7,24.4,22.7,23.4,21.8,29.7
2014/7/8,28.2,24.4,26.8,21.9,26.8
2014/7/9,27.8,23.9,24.2,21.3,27
2014/7/10,26.5,24.7,26.6,20.3,28.6
2014/7/11,28.2,24.1,28.5,21,29.1
2014/7/12,28.2,25.9,29.2,19.7,29
2014/7/13,25.6,22.9,26.9,22.5,29.1
2014/7/14,26.6,23.6,28.5,24,28.9
2014/7/15,28.7,24.8,28.2,25.5,28.6
2014/7/16,29.7,22.4,28,24.3,28.6
2014/7/17,30.1,24.8,27.1,24.2,29.1
2014/7/18,28.6,24.7,24.9,23.9,29.3
2014/7/19,25.9,23.1,23.8,21.9,29.3
2014/7/20,26.3,24.3,24.5,21.9,29.7
2014/7/21,28,25,25,22.9,29.1
2014/7/22,29,26.7,27.7,22.6,29.7
2014/7/23,30,26.6,29.4,22.9,29.9
2014/7/24,30.4,25.9,29.9,25.7,29.9
2014/7/25,31.8,27.3,30.5,25,30
2014/7/26,32,30.2,30.5,21.4,30.1
2014/7/27,27.6,25.6,30.1,21.5,30.1
2014/7/28,26.7,24.3,27.7,20.6,29.8
2014/7/29,28.2,25.4,27.6,23.9,29.8
2014/7/30,29.1,28.5,27.9,24.9,29.1
2014/7/31,30.5,29.1,29.5,26.1,28
2014/8/1,30.3,28.6,29.8,25.4,27.8
2014/8/2,27.4,29.1,30.9,25.1,29.4
2014/8/3,27.5,29.1,31,25.8,29.4
2014/8/4,27.6,29.9,30.5,27,28.3
2014/8/5,30,30.8,31.1,24.9,29
2014/8/6,29.6,29.2,30.8,23.3,29.1
2014/8/7,30,28.2,29.7,22.4,28.8
2014/8/8,26.7,24.7,29,22.6,28.3
2014/8/9,23.9,24.1,25.4,23.3,29.3
2014/8/10,26.3,26.4,26.3,21.7,29.2
2014/8/11,27.8,25.1,29.4,23.5,28.7
2014/8/12,26.3,24.4,26.3,23.9,29.2
2014/8/13,28,25.2,26.7,23.3,29
2014/8/14,28.8,26.2,27.1,21.7,28.6
2014/8/15,28.7,25.6,29.5,20.9,28.7
2014/8/16,27,23.7,27,22,27.7
2014/8/17,29,24.5,26.2,22.3,26.5
2014/8/18,29.4,26.5,29.1,22.1,28.6
2014/8/19,30.2,28.9,30.3,20.6,28.8
2014/8/20,30.4,28.1,31.1,22,28.9
2014/8/21,29.7,27.1,30.5,22.7,28.2
2014/8/22,29.1,28.1,30.2,21.1,28.5
2014/8/23,27.4,26.1,27.6,23.8,28.4
2014/8/24,25.2,25.3,28.4,24,28.7
2014/8/25,26.6,24.7,27,19.3,29.6
2014/8/26,26.6,23.5,25.2,17.9,28.9
2014/8/27,26.7,21.4,21.2,18.6,29.1
2014/8/28,23.9,22.9,21.1,20,29.5
2014/8/29,24.1,23.4,23.3,20.6,29.1
2014/8/30,24.3,23.6,22.6,21.1,27.9
2014/8/31,25.5,24.1,23.2,20.9,28.7
2014/9/1,23.8,24.6,21.8,21.1,28.5
2014/9/2,25.7,24,24.5,21.8,29.2
2014/9/3,26.2,25.3,24.1,21.6,29.1
2014/9/4,25.5,26.2,25.2,18.7,29.3
2014/9/5,26,24.1,27.8,22.3,29.8
2014/9/6,25.4,24.2,27.3,23,26.3
2014/9/7,24.7,23.3,21.7,20.2,28.7
2014/9/8,23.5,22.8,22.1,20.3,29
2014/9/9,24.9,23.6,23.5,21,28.4
2014/9/10,25,23.3,23.4,19.8,28.3
2014/9/11,22.9,22.3,21.8,18.6,28.6
2014/9/12,21.9,19.7,23.5,18.6,28.5
2014/9/13,22.3,20,23.1,18.4,29.1
2014/9/14,23,20.6,23.8,15.7,29.9
2014/9/15,23.5,20.6,24.1,17.3,30.1
2014/9/16,24.3,21.6,25.1,17.4,29.8
2014/9/17,22.2,19.8,23.3,15,29
2014/9/18,20.9,19.8,22.3,14.8,28.8
2014/9/19,19.5,19.2,22.3,15.4,29.1
2014/9/20,20.2,19.1,20.5,15.4,29.9
2014/9/21,21.6,19.2,21.3,16.4,30
2014/9/22,22.4,19.7,22.6,16.5,29.2
2014/9/23,22.7,19.5,22.1,17.6,28.7
2014/9/24,23.1,21.2,22.4,18.1,28.8
2014/9/25,23.7,20.6,24.4,18.3,28.2
2014/9/26,23.1,21.4,22.9,16,27.7
2014/9/27,24.2,20.8,20.2,15.5,27.9
2014/9/28,22.6,20.9,21.7,18.7,28.4
2014/9/29,22.6,20.2,23.5,15.2,28.2
2014/9/30,22.7,20.4,24.7,13,28
2014/10/1,23.4,19,21.2,12.2,28.2
2014/10/2,23.7,20.1,21.7,13.7,28.1
2014/10/3,23,20,25.7,13.4,27
2014/10/4,21.3,19.2,24.2,13,26.5
2014/10/5,21.4,16.4,17.2,13.2,26.9
2014/10/6,21,17.6,21.3,10.8,25.9
2014/10/7,18.9,17.2,20,11,25.4
2014/10/8,19.2,15.1,20.3,12.7,26.4
2014/10/9,20.6,16.9,21,14.3,27.3
2014/10/10,22.1,18.6,22.4,12.6,26.8
2014/10/11,21.7,16.1,20.3,12.2,24.2
2014/10/12,21,16.6,18.6,12.1,25.4
2014/10/13,19.9,16.3,18.1,12.2,24.4
2014/10/14,17.3,16.8,23.1,8.5,23.5
2014/10/15,15.9,16.3,15.9,9.9,23.9
2014/10/16,16.4,16.3,16.8,10.9,24
2014/10/17,15.7,15.7,18.4,11.4,23.8
2014/10/18,15.3,14.2,17.5,10.9,24.6
2014/10/19,17.8,15.5,18.3,11.9,25.2
2014/10/20,19.2,15.6,19.4,15.6,25.8
2014/10/21,21,16.8,19,10.5,25.8
2014/10/22,18.2,13.5,16.1,6.2,25.1
2014/10/23,16.6,12.8,14.3,6.8,24.4
2014/10/24,15.7,14.2,16.7,10.1,24.2
2014/10/25,17.1,15.2,18.3,14.2,25.2
2014/10/26,19.6,17.5,20.1,17.7,26.3
2014/10/27,17,14.2,19.3,9.4,25
2014/10/28,13.2,12,15.8,4.9,24.3
2014/10/29,13,13.8,16.4,7.3,24.2
2014/10/30,16.5,12.7,16.8,8.6,24.6
2014/10/31,18.7,14.9,18.4,10.7,25.9
2014/11/1,17.9,16,16.8,11.3,25.5
2014/11/2,18.6,17.8,19.5,14.2,24.9
2014/11/3,14.1,12.4,18,6.5,22.2
2014/11/4,12.7,12.4,16.2,6.4,21.8
2014/11/5,14.5,12.6,15.2,10.9,22.5
2014/11/6,17.4,13.6,17.7,11.2,22.9
2014/11/7,15.1,11.1,17.7,4.2,22.8
2014/11/8,13.3,9.9,14.1,8.7,23.2
2014/11/9,14.6,12.9,14.9,10.2,24
2014/11/10,15.2,13.4,17.8,9.1,23
2014/11/11,14,10.8,14.5,7.8,22.8
2014/11/12,15.6,12.9,14.1,9.3,22
2014/11/13,11.2,9.6,15,4.6,20.4
2014/11/14,9,7.5,12.8,-0.4,20.3
2014/11/15,9.5,8.8,12.7,0.1,21.2
2014/11/16,10.2,9.1,12.5,2.8,22.8
2014/11/17,10.8,7.8,12.1,2.3,21.8
2014/11/18,10.1,9.6,12.9,1.9,20.2
2014/11/19,9.6,8,12.1,3.8,20.5
2014/11/20,9.4,6.8,9.1,3.7,21.6
2014/11/21,10.1,9,12.3,6.4,22.4
2014/11/22,13,11.8,13.8,8.7,21.9
2014/11/23,12.7,10.2,14.1,3.8,23.3
2014/11/24,12.7,8.9,13.2,4.4,23.5
2014/11/25,13.3,10.1,11.1,3.7,23.6
2014/11/26,13.4,8.7,9.2,2.9,22.8
2014/11/27,12.2,11,12.9,5.5,22.4
2014/11/28,13.7,11.9,14.1,6.4,23
2014/11/29,15.4,14.2,13.8,6.4,23.1
2014/11/30,15.1,14.6,15.1,5.3,24.1
2014/12/1,13.4,13.3,13.5,8.8,20.9
2014/12/2,5.8,5.5,10.8,0.1,17.5
2014/12/3,6.1,5.9,8.2,-1.3,18.5
2014/12/4,6.8,6.1,8.8,-1.4,18.8
2014/12/5,5,3,8.3,-2.4,16.7
2014/12/6,3.3,1.2,5.1,-3.5,16.6
2014/12/7,4.7,2.2,6.2,-1.9,17.6
2014/12/8,6,2.3,6.6,-1.6,18.6
2014/12/9,6.8,4.2,7.3,-2,19
2014/12/10,7.2,4.9,7.3,-0.9,20.8
2014/12/11,9.2,6.4,9.6,1.6,20.4
2014/12/12,7.4,3.3,9.3,-1.8,17.9
2014/12/13,4.5,0.7,7,-4.8,16.5
2014/12/14,3.6,1.5,4.8,-4.8,16.9
2014/12/15,4.4,0.7,5.3,-3.7,19
2014/12/16,5.4,3,3.6,-1.2,17.7
2014/12/17,1.4,1.4,4.3,-0.6,14
2014/12/18,0.4,2.3,4,1,15.4
2014/12/19,3,2.6,5.4,-0.2,17.4
2014/12/20,6.2,3.4,5.3,3.7,17.7
2014/12/21,6,2.7,8.6,-2.5,16.6
2014/12/22,3.5,1.5,7.1,-6.5,14.5
2014/12/23,6,2.7,6.3,-3.3,16.4
2014/12/24,6.1,3.9,5.9,-2.4,19.3
2014/12/25,6.4,2.6,6.3,-5,18
2014/12/26,5.1,2.2,5.1,-4.4,17.2
2014/12/27,4.5,2.1,4.6,-2,18
2014/12/28,4,2.2,3.8,1.2,18.5
2014/12/29,7,3.5,4.2,1.7,16.8
2014/12/30,6.7,3.5,6.6,0.2,16.4
2014/12/31,6,4.4,8,-1.2,16.6
2015/1/1,1.6,0.8,3.7,-4,14.2
2015/1/2,1,1.3,2.7,-5.5,14.4
2015/1/3,1.8,1.7,3.8,-5,14.6
2015/1/4,3,2.4,4,-2.7,15.6
2015/1/5,6,4.9,6.9,-2.4,17.6
2015/1/6,6.6,3.7,10.8,1.1,19.4
2015/1/7,4.4,1.3,5.6,-3.4,16.8
2015/1/8,4.1,3.1,6.2,0.7,15.1
2015/1/9,4.8,3.3,6.7,0.7,15.8
2015/1/10,5,3.4,6.3,-0.9,16
2015/1/11,5.2,2.3,6.4,0.2,15.7
2015/1/12,3.6,2.5,5.2,1,16.1
2015/1/13,4.8,5.1,6.6,-0.1,18
2015/1/14,4.6,4.3,6.6,-1.1,19.4
2015/1/15,6.9,3.2,5.4,-0.4,17.4
2015/1/16,6.8,5.4,8.9,-1.3,16.8
2015/1/17,4.1,2.1,5.9,-3.9,15.7
2015/1/18,4.1,1.7,4.7,-4.9,15.4
2015/1/19,5.8,3.4,5.7,-3,15.9
2015/1/20,5.1,2.7,6.3,-3.8,17.2
2015/1/21,5.4,2.1,2.5,-2.2,18.9
2015/1/22,8.4,4.2,4.6,0.1,16.1
2015/1/23,6,4.7,6.9,0.2,14.7
2015/1/24,6.1,4,4.9,-0.6,15
2015/1/25,6.6,4.1,7,-1.1,18.1
2015/1/26,7.8,6.6,9,1.9,20.3
2015/1/27,8.8,5.1,9.8,0.9,18.1
2015/1/28,3.1,1.1,5.2,-4.9,16.6
2015/1/29,3.2,1.2,3.9,-2.9,17.6
2015/1/30,4.8,1.6,2.2,-0.4,16.4
2015/1/31,2.9,3.1,4.9,-0.3,14.7
2015/2/1,2.2,0.6,4,-1.7,15.1
2015/2/2,3.3,2.1,4.7,-2.1,16.8
2015/2/3,4,3,4.7,-4.4,16.7
2015/2/4,5.3,1.8,5.2,-5.9,16.6
2015/2/5,5,4.2,2.6,-5.2,14.2
2015/2/6,4.4,3.5,5.4,-4.1,14.4
2015/2/7,4.9,4.2,5.3,0.2,16
2015/2/8,4.8,3.6,4,2.4,14
2015/2/9,1.1,-1.7,2,-4.9,12.1
2015/2/10,3.4,1.1,3.2,-6.7,13.3
2015/2/11,6.5,3.6,5.6,-2.7,14.3
2015/2/12,5.9,4.2,7,-1.5,15.9
2015/2/13,2.6,1.5,5,-2.7,15.4
2015/2/14,3.8,2.5,4.9,-0.9,15.5
2015/2/15,4.5,3.6,5.5,0.6,17.5
2015/2/16,6.1,3.6,7,1.8,19.4
2015/2/17,6.6,4.8,3.9,1.9,17.4
2015/2/18,5.7,4.4,3.3,1.7,15.6
2015/2/19,4.7,5.1,6.2,0.8,15
2015/2/20,4.4,3.8,6.3,0.3,15.6
2015/2/21,7.2,5.1,6.2,-0.1,18.4
2015/2/22,11,9.5,6.3,1.8,20.9
2015/2/23,11.6,9.1,10.7,4.3,20.1
2015/2/24,9.1,7.1,9.7,0.7,20.1
2015/2/25,8.5,4.2,9.2,-0.3,20.2
2015/2/26,8.9,5.9,6.6,0.6,21.9
2015/2/27,5.6,5.2,8.2,2.3,18.9
2015/2/28,6.4,3.8,7.4,0.3,20.2
2015/3/1,7.4,5.6,6.9,-0.3,17.6
2015/3/2,6.6,5.1,9.3,1.5,16.7
2015/3/3,6.4,4.6,5.6,2.3,19.9
2015/3/4,9.4,6.3,9.6,1,15.4
2015/3/5,5.3,4.2,9.3,0.8,16.3
2015/3/6,7,4.9,7.3,1.4,18.3
2015/3/7,7.7,7.7,6,1.5,18.1
2015/3/8,9.4,8.6,8.2,3.2,18.3
2015/3/9,8.7,10,9,4.7,18
2015/3/10,3.9,3.8,7.7,3.6,14.1
2015/3/11,2.4,1.7,6.2,0.5,14.1
2015/3/12,6,2.1,8.6,0.8,14.3
2015/3/13,7.1,2.7,8.9,0.9,16.9
2015/3/14,6.2,3.1,8.9,2.2,20.5
2015/3/15,8,6.4,8.4,2.9,22
2015/3/16,13,9.1,11.1,6,21.9
2015/3/17,14.3,11,14.5,6.7,21.8
2015/3/18,15.8,9.9,14.8,5.3,21.5
2015/3/19,15,9.8,11.9,4.7,22.5
2015/3/20,13.4,9.1,11.8,3.9,21.6
2015/3/21,12.7,8.4,10.5,5,21.1
2015/3/22,13.1,10.4,12.9,5.4,20.4
2015/3/23,7.1,4.6,10.7,2.1,19.2
2015/3/24,5.1,4.1,8.2,1.6,18
2015/3/25,5.3,5.6,8.1,2.8,16.7
2015/3/26,8,6.1,9.5,5.4,18.4
2015/3/27,10.7,8.6,12.3,8.3,19.5
2015/3/28,14.1,10.6,14.1,10,21.1
2015/3/29,12.3,10.4,14.6,8.6,20.9
2015/3/30,13.7,10,16.2,8.5,21
2015/3/31,16.8,12.9,16.7,7.7,22.2
2015/4/1,15.5,9.6,13.9,5.4,23.6
2015/4/2,14.9,9.9,11.6,6.9,23.6
2015/4/3,16.9,13,17.3,6.4,24.4
2015/4/4,17.8,11.4,13.2,7,24.8
2015/4/5,14.9,11.4,10.3,6.7,25.5
2015/4/6,14.4,9.9,16.2,8.2,25
2015/4/7,9.6,6.3,10,2,24.8
2015/4/8,7.3,5.1,4.1,2.2,20
2015/4/9,10.8,6.4,7.4,4,20.9
2015/4/10,11.2,10.4,8.3,5.5,21.1
2015/4/11,11.7,9.7,11.5,8.4,20.1
2015/4/12,13.4,9.1,12.9,7.9,21
2015/4/13,13.9,11.5,9.7,6.8,19.2
2015/4/14,15.4,13.6,12.1,10.8,18.5
2015/4/15,12.3,11.2,15.4,8.7,19.3
2015/4/16,15.3,13.1,15.7,5.9,21.2
2015/4/17,14.5,10.6,16.4,6,23.6
2015/4/18,15.6,11.2,14,9,22.9
2015/4/19,16.5,12.6,14.3,7.3,23.2
2015/4/20,17.4,16,18.4,6.6,23.9
2015/4/21,12.7,9.6,17.5,7.9,20.6
2015/4/22,17.5,11.4,15.7,11.1,20.8
2015/4/23,18.1,14.4,18,12.9,21.3
2015/4/24,18.7,15.4,18.3,11.4,22.2
2015/4/25,17.7,13.4,17.2,11.6,21.7
2015/4/26,18.7,15.5,17.8,15.7,21.7
2015/4/27,21,18.8,19.3,15.2,22.2
2015/4/28,20.7,17.8,20.8,12.7,23.6
2015/4/29,20.9,17,19.4,14.7,23.5
2015/4/30,21.2,17.7,19,16.1,22.5
2015/5/1,22.4,17.5,20.5,13.7,21.7
2015/5/2,22.9,18.3,21,16,22.9
2015/5/3,21.4,20.3,21.2,17.1,24.6
2015/5/4,19.3,19.3,21.6,15,22.6
2015/5/5,18.6,15.1,18.3,15.3,22
2015/5/6,20.1,17,18.2,15.8,23.6
2015/5/7,20.9,16.7,19.1,14,23.9
2015/5/8,21.1,17.7,20.7,12.4,23.9
2015/5/9,19,15.7,18.7,9.8,25.7
2015/5/10,17.8,13.6,19.7,10.3,25.5
2015/5/11,18.2,13.7,17.2,15.3,26.4
2015/5/12,18.6,18.2,19.6,13.6,23.8
2015/5/13,20.1,19,22.5,13.7,23.9
2015/5/14,20.4,20.8,23.1,9.7,26.9
2015/5/15,24,22.5,22.7,9.6,26.9
2015/5/16,20,15.6,20.9,10.4,26.8
2015/5/17,20,17.4,22.2,11.6,26.3
2015/5/18,20.3,19.8,21.5,14.9,26.9
2015/5/19,20.1,17.2,20.2,13.4,26.6
2015/5/20,19.5,17.3,22.2,12.5,24.7
2015/5/21,18.6,16,19.5,11.4,22.6
2015/5/22,20.4,19.2,20.5,15.2,21.8
2015/5/23,20.9,20.9,21.6,17.8,25.6
2015/5/24,22.8,20,21,14.5,24.5
2015/5/25,23.3,19.3,21.3,14.7,25
2015/5/26,24.6,19.2,23.3,13.9,25
2015/5/27,25.6,20.3,23.9,14.4,25.3
2015/5/28,24.2,21.9,22.1,15.7,25.2
2015/5/29,25.2,24.6,20.7,20.2,26.8
2015/5/30,25.2,23.2,23.4,20.6,28.1
2015/5/31,22.8,19.1,25.7,17.9,26.6
2015/6/1,24.5,20.3,23.6,20.5,27.1
2015/6/2,25.5,23.8,23.5,18.4,27.8
2015/6/3,21.7,20.4,21.7,17.6,27.7
2015/6/4,20.1,16.8,23.1,12.4,26.4
2015/6/5,16.3,18,18.8,10.4,27
2015/6/6,18.5,16.5,18,11.5,25.3
2015/6/7,20.8,17.8,20.8,13,27.5
2015/6/8,20.7,22.9,21,17,28.4
2015/6/9,20.8,19.3,19.5,15.5,28.7
2015/6/10,23.4,20.8,22.6,15.4,28.8
2015/6/11,21.6,20.6,23,13.9,28.8
2015/6/12,24.1,22.3,21.4,17.4,28.9
2015/6/13,25.5,22.4,24,17.6,29.1
2015/6/14,24.6,24,22.5,17.9,29
2015/6/15,25.6,22.8,24.6,17.7,28.9
2015/6/16,23.7,22.2,23.3,18,29.2
2015/6/17,24.7,22.5,21.6,21,29.4
2015/6/18,21.8,24.1,21.9,20.2,29.6
2015/6/19,20.3,22.2,19.1,19,29.4
2015/6/20,23.2,22.2,21.7,16.6,28.6
2015/6/21,22.5,21.7,20.6,18.4,28.5
2015/6/22,23.6,21.5,22.6,17.4,28.8
2015/6/23,25,21.5,23.4,16.7,29.3
2015/6/24,25.7,21.5,23.8,16.4,28.9
2015/6/25,26.2,21.8,24.3,17.4,29.7
2015/6/26,22.2,23.7,22.4,19.6,30
2015/6/27,22.9,22.2,22.6,17.8,30.2
2015/6/28,20.9,17.8,23.2,15.1,30
2015/6/29,23.5,19.4,21.6,15.5,29.6
2015/6/30,22.9,22.5,22.5,15.8,29.8
2015/7/1,22.7,20.5,20.5,17,30.1
2015/7/2,25.2,23.4,22.5,18.6,30.2
2015/7/3,25.4,22.4,21.9,17.8,29.8
2015/7/4,22.7,21.8,22.5,16.2,30.2
2015/7/5,22.8,21.1,20.1,18.1,30.3
2015/7/6,22.7,21.2,19.8,19.1,29.7
2015/7/7,22.7,22.2,21.3,16.7,30.2
2015/7/8,24.9,20.9,22.4,15.7,30.4
2015/7/9,26.4,21.7,19.4,18.2,28.8
2015/7/10,28.4,22.3,23.2,19.6,27.1
2015/7/11,28.6,23.5,25.9,22,28
2015/7/12,29.4,25.6,27.2,24.8,27.6
2015/7/13,30.6,30.2,29.4,23.8,28
2015/7/14,30.8,28,29.9,25.5,28.7
2015/7/15,29.8,26.7,28.4,17,28.4
2015/7/16,27.4,24.1,26.4,16.9,28.5
2015/7/17,25.2,28.3,26.7,21.3,28.9
2015/7/18,25,24.2,27.2,21.2,28.8
2015/7/19,27.7,24.7,29.4,21.5,27.5
2015/7/20,29.5,27.2,28.8,22.2,26.8
2015/7/21,29,28.4,29.4,22.2,27.7
2015/7/22,26,28.6,28.9,23.6,29.3
2015/7/23,25.2,24.7,27,23.9,29.8
2015/7/24,28.4,25.4,28.1,23.1,29
2015/7/25,29.2,27.5,28.6,23,28.2
2015/7/26,30.5,28.2,30.3,23.1,28.8
2015/7/27,29.7,28.2,30.4,25.1,29.1
2015/7/28,28,26.2,29.6,25.1,29.4
2015/7/29,29.1,27.1,29.4,25,29.4
2015/7/30,29.7,27.5,29.1,25.4,29.4
2015/7/31,30.7,27.9,30,26.4,29.5
2015/8/1,32.2,27.6,30.5,23.3,29.3
2015/8/2,32.6,27.9,30.2,23.5,28.8
2015/8/3,31.1,28.9,29.8,23.9,28.7
2015/8/4,31.8,29.5,30,26.6,29.2
2015/8/5,31.6,29.6,30.2,27.9,29.7
2015/8/6,30.9,29.7,30.9,24.7,29.6
2015/8/7,31.1,28.1,31.5,23.7,29.1
2015/8/8,30.2,27.5,27.6,23.1,28.9
2015/8/9,30.7,28.2,27.9,24,27.9
2015/8/10,30.4,28.1,27.9,25.5,27.6
2015/8/11,29.7,27.3,29.4,24.1,28.6
2015/8/12,29,27.1,28.9,23.6,29.2
2015/8/13,27.1,26.2,27.5,23.7,29.5
2015/8/14,28.5,25,26.9,24,28.8
2015/8/15,28.7,25.6,27.7,22.8,28.6
2015/8/16,27.4,26.6,27.8,23,28.8
2015/8/17,25.6,25.6,25.7,23.5,27
2015/8/18,27.1,25.9,28.2,18.4,29
2015/8/19,26.5,24.1,27.8,19.4,29.3
2015/8/20,25.6,23.3,25.6,20.5,29.5
2015/8/21,27.2,23.7,26,21.7,29.3
2015/8/22,28.3,24.9,28.3,23.2,28.7
2015/8/23,27.5,25.1,26.7,21,28
2015/8/24,27.2,25,24.3,20.5,28
2015/8/25,24.8,22.3,21.5,19.6,28.1
2015/8/26,27,22.2,19.5,19.4,27.6
2015/8/27,27.3,23.5,23.6,19.9,28
2015/8/28,26.5,24.8,21.7,19.6,28
2015/8/29,25.9,22,20,19.8,28.6
2015/8/30,25,21.8,21.2,19.8,28.5
2015/8/31,23.9,23.3,22.1,21.8,28.9
2015/9/1,25.2,23.6,23.7,21.8,28.8
2015/9/2,26,23.9,26.9,19.6,28.7
2015/9/3,23.5,23.2,25.7,22.5,29.1
2015/9/4,24.9,22.7,24.7,19.8,28.6
2015/9/5,24.7,22.4,25.4,18.1,28.8
2015/9/6,22.9,21,23.8,17.7,28.4
2015/9/7,23.6,20.7,23,19.4,26.3
2015/9/8,22.7,22.2,20,19.7,27.5
2015/9/9,22.7,23.3,22.4,19,27.6
2015/9/10,23.1,22.6,21.8,20.6,27.3
2015/9/11,22.6,21.1,23.9,21.9,26.9
2015/9/12,23.4,22.2,24.7,20.8,26.7
2015/9/13,23.5,20,24.4,15.9,27.2
2015/9/14,21.9,19.9,22.9,15.7,27.8
2015/9/15,23.1,20.1,22.3,16.9,28
2015/9/16,22.8,20.4,21.1,18.4,27.6
2015/9/17,20.4,20.4,17.9,18.8,27.3
2015/9/18,22.1,21.3,20.6,16.9,27
2015/9/19,21.8,20.9,24.1,16.5,27.2
2015/9/20,21.8,20.5,23.3,18.4,26.3
2015/9/21,22.3,19.7,22.7,18.7,26.8
2015/9/22,23.3,20,23,19.3,27.6
2015/9/23,24.3,21.2,22.4,19.3,27.9
2015/9/24,21.7,21.3,20.4,19,27.7
2015/9/25,22,18.6,17.7,18.8,27.6
2015/9/26,23.6,20.5,20.5,18.1,27.6
2015/9/27,23,20.8,21.4,17.8,29
2015/9/28,22.4,20,23.3,15.3,29.3
2015/9/29,21.6,19.5,22.7,12.9,29.2
2015/9/30,19.6,18.7,20.9,13.4,29.1
2015/10/1,20,19,19.4,14.7,28.8
2015/10/2,21.9,19,23.2,15.4,27.6
2015/10/3,20.1,19.4,21.7,14.2,28.1
2015/10/4,19.3,17,21.3,11.8,27.5
2015/10/5,17.6,15.2,17.9,11.5,27
2015/10/6,18.8,15.4,17.7,12.3,26.8
2015/10/7,18.9,16.3,17.5,13.8,26.1
2015/10/8,18.7,17.4,19.4,11.7,26.2
2015/10/9,19,18.1,20.2,12.4,25.4
2015/10/10,18.6,18.1,18.3,14.3,21.2
2015/10/11,19,17.5,18.9,14.5,23.7
2015/10/12,17.7,16.5,18.7,12.1,23.7
2015/10/13,18.1,15.4,18.8,8.4,23.7
2015/10/14,17.2,14.6,18.4,8.5,24.5
2015/10/15,17.1,13.5,18.8,10.1,26
2015/10/16,18,15,15.6,11.2,25.9
2015/10/17,18.9,16,17.5,13.2,25.7
2015/10/18,19.8,17.1,18.8,14,26.2
2015/10/19,19.2,16.1,19,9.9,26.6
2015/10/20,19.5,15.9,19,9.1,26.5
2015/10/21,20.3,14.9,17.2,9.2,26.2
2015/10/22,18,14.9,17.4,8.3,25.1
2015/10/23,18.1,14.2,17.9,10.8,24.5
2015/10/24,19.4,16.4,19,10.6,25.9
2015/10/25,15.6,13.1,16.1,4.4,25.2
2015/10/26,14.1,12.6,15.5,6.5,24.8
2015/10/27,18.1,16.1,18.3,9.3,25
2015/10/28,17.6,16.3,20.8,12,24.4
2015/10/29,15.1,14.3,17.1,7.5,23.4
2015/10/30,15,13.3,17.1,6.3,25
2015/10/31,12.8,10,14.4,6.7,23.6
2015/11/1,12.6,10.8,13.1,8.3,23.1
2015/11/2,13.1,10.2,12.7,8.7,23.8
2015/11/3,13.5,13,16.2,9.1,23.9
2015/11/4,15.3,12.7,14.4,11.4,25
2015/11/5,17.6,14,15.1,13,24.8
2015/11/6,18.9,14.5,16.4,8.6,25.7
2015/11/7,18.7,14.5,16.5,4,25.6
2015/11/8,16.8,15.1,15.2,4.3,26.1
2015/11/9,18.1,17.2,18.2,8.5,24.9
2015/11/10,16.9,14.7,16.5,4.9,22.8
2015/11/11,13.9,12.1,14.9,5.3,22.6
2015/11/12,13.5,11.2,13.4,5.3,23.8
2015/11/13,14.4,12.1,13.1,5.2,25.8
2015/11/14,16.6,14.1,13,9.4,24.5
2015/11/15,17.6,15.8,16,11,23.4
2015/11/16,16.8,15.2,17.2,10,24.8
2015/11/17,17.4,15.6,18.5,8.9,26.6
2015/11/18,16.8,13.6,16.7,4.8,26.7
2015/11/19,14.7,12.3,14.5,2.9,24.8
2015/11/20,15.1,10.3,13.7,4.2,23.9
2015/11/21,14.6,11.7,15.5,3.8,24.5
2015/11/22,14.3,11.1,13.1,1.6,25.1
2015/11/23,15.8,13.9,12.2,1.8,24.6
2015/11/24,14.6,11.6,14.3,-0.2,24
2015/11/25,10.5,6.6,8.7,-1.1,22.7
2015/11/26,10.2,8.6,8.7,-1.6,19.1
2015/11/27,7.7,8.1,9.9,2.8,17.6
2015/11/28,8.8,7.8,9.4,2.2,20.1
2015/11/29,8.8,5.4,10.4,2.3,22.2
2015/11/30,9.9,8.3,10,1.7,22.3
2015/12/1,9.5,8.8,10.8,0.7,22.6
2015/12/2,11.2,9,9.5,2.1,23.6
2015/12/3,11.5,10.1,10.5,7,20.5
2015/12/4,8.3,7,9.9,0.9,18.9
2015/12/5,8.8,8.8,9.8,-0.5,19.2
2015/12/6,9.7,6.9,10.6,-0.9,22.5
2015/12/7,9.3,5.7,9.2,1.3,20.9
2015/12/8,8.3,6.4,8,1.3,20.3
2015/12/9,8.8,6.8,7.5,2.8,21.6
2015/12/10,13.6,7.6,8.8,6.3,23.2
2015/12/11,15.7,11.1,14.7,5,21.8
2015/12/12,11,10.1,12.6,2.5,19.7
2015/12/13,10.8,7.1,10.2,2.5,20.9
2015/12/14,11,8.7,11.6,2.1,21.3
2015/12/15,13.2,11.5,11.5,5.4,20.7
2015/12/16,11.8,10.3,12.9,6,19.2
2015/12/17,6.9,4.1,10.1,1,16
2015/12/18,5.4,4.1,7.8,-0.2,16.9
2015/12/19,5.2,6,7.1,-1.2,18.1
2015/12/20,6.1,5.9,6.9,1.7,19.7
2015/12/21,8.4,7,8.8,2.8,22.1
2015/12/22,8.8,8.6,11,0.5,22.3
2015/12/23,8.3,6.6,6.8,0,23.4
2015/12/24,11.9,8.6,10.3,4.2,21.4
2015/12/25,9.8,7.4,10.9,-1,18.6
2015/12/26,8,5.3,8.5,-4.7,18.6
2015/12/27,6.6,2.5,7.3,-6.2,18.6
2015/12/28,5,3.4,6,-5.4,17.1
2015/12/29,5.4,4.4,6.3,-4.6,17.2
2015/12/30,5,3.9,7.2,-3.6,17.6
2015/12/31,5.8,3.1,6.6,-1.6,17.9
2016/1/1,5.7,4.5,7.5,-1.1,18.1
2016/1/2,6.7,7.2,7.3,1.6,20.2
2016/1/3,9.3,10.1,9.3,0.3,21.2
2016/1/4,10.2,8.5,9.2,-1.7,19.8
2016/1/5,8.2,4.8,10.9,-3.9,22.5
2016/1/6,8.9,5.6,8.9,-2.3,19.5
2016/1/7,7.7,4.2,8.7,-2.7,19.1
2016/1/8,6.4,2.7,6.8,-2.5,16.6
2016/1/9,6.3,3,7.3,-3.6,17.1
2016/1/10,6.5,5,7.9,-4.2,18.3
2016/1/11,7.5,1.6,7.1,-6.7,19.4
2016/1/12,6.3,0.9,3.4,-6.4,18.2
2016/1/13,4.7,1.8,4.3,-4.2,15.9
2016/1/14,5.1,1.8,6,-3.7,15.1
2016/1/15,4.8,-0.6,5.6,-6.3,16.6
2016/1/16,4.4,1.4,6.5,-5,17.5
2016/1/17,5.6,1.4,5.8,-5.1,19.5
2016/1/18,8.1,2.9,2.8,-5.9,17.6
2016/1/19,2,2.9,5.1,-1.4,15.3
2016/1/20,1.6,1.7,4.1,-0.5,15
2016/1/21,3.6,3.2,5.4,-2.1,17.3
2016/1/22,4.2,2.8,5.8,-2.7,16.8
2016/1/23,3.5,0.9,3.9,-3.7,14.7
2016/1/24,-0.5,-0.7,3.3,-5.7,9.2
2016/1/25,0.8,1,2.9,-6.7,10.4
2016/1/26,3,1.7,3.8,0,12.6
2016/1/27,6.1,5.2,6.3,-1.7,15.7
2016/1/28,6.5,4.5,7.8,-3.9,20.2
2016/1/29,7.3,1.3,5.4,-5,22.2
2016/1/30,7.7,1.3,3.3,-5.8,18.6
2016/1/31,7.7,2.2,6.1,-5.6,19.3
2016/2/1,6.1,1.2,4.7,-5.5,17.3
2016/2/2,5.1,2,6,-4.5,14.6
2016/2/3,4,1.8,5,-3.5,16.1
2016/2/4,4.8,3.2,5.1,-0.4,17.8
2016/2/5,6.2,3.2,7.5,-2.4,16.8
2016/2/6,5.4,1,6.7,-4.9,14.8
2016/2/7,3.6,0.4,5,-4.7,13.7
2016/2/8,4.3,0.9,4.4,-3.5,13.6
2016/2/9,5.1,1.8,6.6,1.8,14.8
2016/2/10,4.6,2.7,6,-1.7,17.6
2016/2/11,5.7,3.4,6,-1.8,19.7
